,data points,Water flow,Day Number,Hour Number,Weekday
0,1,164.0,4,1,1
1,1,21.0,4,2,1
2,1,51.0,4,3,1
3,1,7.0,4,4,1
4,1,28.0,4,5,1
5,0,222.0,4,6,1
6,1,416.0,4,7,1
7,1,171.0,4,8,1
8,1,95.0,4,9,1
9,1,325.0,4,10,1
10,1,235.0,4,11,1
11,1,228.0,4,12,1
12,1,408.0,4,13,1
13,1,505.0,4,14,1
14,1,572.0,4,15,1
15,1,185.0,4,16,1
16,1,214.0,4,17,1
17,1,14.0,4,18,1
18,1,28.0,4,19,1
19,1,14.0,4,20,1
20,1,44.0,4,21,1
21,1,14.0,4,22,1
22,1,14.0,4,23,1
23,1,21.0,4,24,1
24,1,49.0,5,1,1
25,1,21.0,5,2,1
26,1,7.0,5,3,1
27,1,207.0,5,4,1
28,1,35.0,5,5,1
29,1,14.0,5,6,1
30,1,193.0,5,7,1
31,1,253.0,5,8,1
32,1,342.0,5,9,1
33,1,207.0,5,10,1
34,1,236.0,5,11,1
35,1,199.0,5,12,1
36,1,274.0,5,13,1
37,1,326.0,5,14,1
38,1,199.0,5,15,1
39,1,178.0,5,16,1
40,1,386.0,5,17,1
41,1,402.0,5,18,1
42,1,170.0,5,19,1
43,1,21.0,5,20,1
44,1,178.0,5,21,1
45,1,21.0,5,22,1
46,1,7.0,5,23,1
47,1,14.0,5,24,1
48,1,28.0,6,1,1
49,1,21.0,6,2,1
50,1,43.0,6,3,1
51,1,21.0,6,4,1
52,1,21.0,6,5,1
53,1,21.0,6,6,1
54,1,445.0,6,7,1
55,1,386.0,6,8,1
56,1,21.0,6,9,1
57,1,371.0,6,10,1
58,1,42.0,6,11,1
59,1,178.0,6,12,1
60,1,222.0,6,13,1
61,1,221.0,6,14,1
62,1,185.0,6,15,1
63,1,14.0,6,16,1
64,1,400.0,6,17,1
65,1,14.0,6,18,1
66,1,14.0,6,19,1
67,1,21.0,6,20,1
68,1,43.0,6,21,1
69,1,14.0,6,22,1
70,1,7.0,6,23,1
71,1,21.0,6,24,1
72,1,36.0,7,1,0
73,1,14.0,7,2,0
74,1,14.0,7,3,0
75,1,28.0,7,4,0
76,1,21.0,7,5,0
77,1,14.0,7,6,0
78,1,170.0,7,7,0
79,1,89.0,7,8,0
80,1,14.0,7,9,0
81,1,201.0,7,10,0
82,1,201.0,7,11,0
83,1,177.0,7,12,0
84,1,186.0,7,13,0
85,1,245.0,7,14,0
86,1,365.0,7,15,0
87,1,178.0,7,16,0
88,1,431.0,7,17,0
89,1,178.0,7,18,0
90,1,179.0,7,19,0
91,1,7.0,7,20,0
92,1,14.0,7,21,0
93,1,7.0,7,22,0
94,1,14.0,7,23,0
95,1,14.0,7,24,0
96,1,0.0,1,1,0
97,1,14.0,1,2,0
98,1,14.0,1,3,0
99,1,7.0,1,4,0
100,1,21.0,1,5,0
101,1,14.0,1,6,0
102,1,118.0,1,7,0
103,1,267.0,1,8,0
104,1,14.0,1,9,0
105,1,163.0,1,10,0
106,1,200.0,1,11,0
107,1,424.0,1,12,0
108,1,178.0,1,13,0
109,1,445.0,1,14,0
110,1,393.0,1,15,0
111,1,199.0,1,16,0
112,1,626.0,1,17,0
113,1,184.0,1,18,0
114,1,14.0,1,19,0
115,1,14.0,1,20,0
116,1,14.0,1,21,0
117,1,7.0,1,22,0
118,1,14.0,1,23,0
119,1,7.0,1,24,0
120,1,7.0,2,1,1
121,1,14.0,2,2,1
122,1,7.0,2,3,1
123,1,14.0,2,4,1
124,1,21.0,2,5,1
125,1,14.0,2,6,1
126,1,395.0,2,7,1
127,1,222.0,2,8,1
128,1,185.0,2,9,1
129,1,401.0,2,10,1
130,1,199.0,2,11,1
131,1,178.0,2,12,1
132,1,192.0,2,13,1
133,1,185.0,2,14,1
134,1,185.0,2,15,1
135,1,207.0,2,16,1
136,1,200.0,2,17,1
137,1,207.0,2,18,1
138,1,28.0,2,19,1
139,1,7.0,2,20,1
140,1,21.0,2,21,1
141,1,14.0,2,22,1
142,1,148.0,2,23,1
143,1,42.0,2,24,1
144,1,35.0,3,1,1
145,1,58.0,3,2,1
146,1,35.0,3,3,1
147,1,14.0,3,4,1
148,1,21.0,3,5,1
149,0,18.67,3,6,1
150,0,16.33,3,7,1
151,1,14.0,3,8,1
152,1,214.0,3,9,1
153,1,184.0,3,10,1
154,1,312.0,3,11,1
155,1,266.0,3,12,1
156,1,365.0,3,13,1
157,1,461.0,3,14,1
158,1,669.0,3,15,1
159,1,617.0,3,16,1
160,1,469.0,3,17,1
161,1,512.0,3,18,1
162,1,155.0,3,19,1
163,1,350.0,3,20,1
164,1,50.0,3,21,1
165,1,200.0,3,22,1
166,1,36.0,3,23,1
167,1,21.0,3,24,1
168,1,36.0,4,1,1
169,1,21.0,4,2,1
170,1,35.0,4,3,1
171,1,14.0,4,4,1
172,1,21.0,4,5,1
173,1,21.0,4,6,1
174,1,215.0,4,7,1
175,1,215.0,4,8,1
176,1,297.0,4,9,1
177,1,334.0,4,10,1
178,1,185.0,4,11,1
179,1,205.0,4,12,1
180,1,252.0,4,13,1
181,1,371.0,4,14,1
182,1,452.0,4,15,1
183,1,333.0,4,16,1
184,1,355.0,4,17,1
185,1,35.0,4,18,1
186,1,215.0,4,19,1
187,1,28.0,4,20,1
188,1,424.0,4,21,1
189,1,409.0,4,22,1
190,1,193.0,4,23,1
191,1,28.0,4,24,1
192,1,43.0,5,1,1
193,1,43.0,5,2,1
194,1,28.0,5,3,1
195,1,14.0,5,4,1
196,1,21.0,5,5,1
197,1,21.0,5,6,1
198,1,223.0,5,7,1
199,1,223.0,5,8,1
200,1,237.0,5,9,1
201,1,624.0,5,10,1
202,1,199.0,5,11,1
203,1,192.0,5,12,1
204,1,178.0,5,13,1
205,1,185.0,5,14,1
206,1,467.0,5,15,1
207,1,251.0,5,16,1
208,1,432.0,5,17,1
209,1,21.0,5,18,1
210,1,543.0,5,19,1
211,1,66.0,5,20,1
212,1,7.0,5,21,1
213,1,7.0,5,22,1
214,1,171.0,5,23,1
215,1,49.0,5,24,1
216,1,21.0,6,1,1
217,1,21.0,6,2,1
218,1,35.0,6,3,1
219,1,7.0,6,4,1
220,1,28.0,6,5,1
221,1,7.0,6,6,1
222,1,28.0,6,7,1
223,1,65.0,6,8,1
224,1,49.0,6,9,1
225,1,394.0,6,10,1
226,1,379.0,6,11,1
227,1,200.0,6,12,1
228,1,178.0,6,13,1
229,1,199.0,6,14,1
230,1,222.0,6,15,1
231,1,237.0,6,16,1
232,1,460.0,6,17,1
233,1,237.0,6,18,1
234,1,161.0,6,19,1
235,1,251.0,6,20,1
236,1,343.0,6,21,1
237,1,236.0,6,22,1
238,1,65.0,6,23,1
239,1,43.0,6,24,1
240,1,7.0,7,1,0
241,1,14.0,7,2,0
242,1,36.0,7,3,0
243,1,7.0,7,4,0
244,1,21.0,7,5,0
245,1,7.0,7,6,0
246,1,208.0,7,7,0
247,1,14.0,7,8,0
248,1,186.0,7,9,0
249,1,193.0,7,10,0
250,1,193.0,7,11,0
251,1,14.0,7,12,0
252,1,14.0,7,13,0
253,1,14.0,7,14,0
254,1,164.0,7,15,0
255,1,171.0,7,16,0
256,1,171.0,7,17,0
257,1,29.0,7,18,0
258,1,273.0,7,19,0
259,1,348.0,7,20,0
260,1,394.0,7,21,0
261,1,297.0,7,22,0
262,1,36.0,7,23,0
263,1,29.0,7,24,0
264,1,51.0,1,1,0
265,1,14.0,1,2,0
266,1,0.0,1,3,0
267,1,7.0,1,4,0
268,1,21.0,1,5,0
269,1,7.0,1,6,0
270,1,193.0,1,7,0
271,1,0.0,1,8,0
272,1,193.0,1,9,0
273,1,379.0,1,10,0
274,1,156.0,1,11,0
275,1,7.0,1,12,0
276,1,163.0,1,13,0
277,1,179.0,1,14,0
278,1,333.0,1,15,0
279,1,475.0,1,16,0
280,1,387.0,1,17,0
281,1,319.0,1,18,0
282,1,416.0,1,19,0
283,1,201.0,1,20,0
284,1,21.0,1,21,0
285,1,7.0,1,22,0
286,1,14.0,1,23,0
287,1,0.0,1,24,0
288,1,7.0,2,1,1
289,1,7.0,2,2,1
290,1,7.0,2,3,1
291,1,7.0,2,4,1
292,1,21.0,2,5,1
293,1,7.0,2,6,1
294,1,185.0,2,7,1
295,1,179.0,2,8,1
296,1,21.0,2,9,1
297,1,625.0,2,10,1
298,1,243.0,2,11,1
299,1,272.0,2,12,1
300,1,87.0,2,13,1
301,1,170.0,2,14,1
302,1,438.0,2,15,1
303,1,222.0,2,16,1
304,1,21.0,2,17,1
305,1,88.0,2,18,1
306,1,29.0,2,19,1
307,1,14.0,2,20,1
308,1,0.0,2,21,1
309,1,57.0,2,22,1
310,1,14.0,2,23,1
311,1,42.0,2,24,1
312,1,72.0,3,1,1
313,1,21.0,3,2,1
314,1,64.0,3,3,1
315,1,7.0,3,4,1
316,1,28.0,3,5,1
317,1,7.0,3,6,1
318,1,21.0,3,7,1
319,1,229.0,3,8,1
320,1,236.0,3,9,1
321,1,415.0,3,10,1
322,1,177.0,3,11,1
323,1,64.0,3,12,1
324,1,192.0,3,13,1
325,1,199.0,3,14,1
326,1,228.0,3,15,1
327,1,251.0,3,16,1
328,1,244.0,3,17,1
329,1,64.0,3,18,1
330,1,310.0,3,19,1
331,1,909.0,3,20,1
332,1,603.0,3,21,1
333,1,589.0,3,22,1
334,1,252.0,3,23,1
335,1,28.0,3,24,1
336,1,71.0,4,1,1
337,1,36.0,4,2,1
338,1,21.0,4,3,1
339,1,14.0,4,4,1
340,1,35.0,4,5,1
341,1,14.0,4,6,1
342,1,237.0,4,7,1
343,1,21.0,4,8,1
344,1,221.0,4,9,1
345,1,452.0,4,10,1
346,1,243.0,4,11,1
347,1,415.0,4,12,1
348,1,221.0,4,13,1
349,1,215.0,4,14,1
350,1,564.0,4,15,1
351,1,378.0,4,16,1
352,1,237.0,4,17,1
353,1,73.0,4,18,1
354,1,21.0,4,19,1
355,1,7.0,4,20,1
356,1,14.0,4,21,1
357,1,7.0,4,22,1
358,1,7.0,4,23,1
359,1,42.0,4,24,1
360,1,49.0,5,1,1
361,1,7.0,5,2,1
362,1,21.0,5,3,1
363,1,14.0,5,4,1
364,1,28.0,5,5,1
365,1,14.0,5,6,1
366,1,186.0,5,7,1
367,1,200.0,5,8,1
368,1,207.0,5,9,1
369,1,439.0,5,10,1
370,1,482.0,5,11,1
371,1,213.0,5,12,1
372,1,237.0,5,13,1
373,1,296.0,5,14,1
374,1,581.0,5,15,1
375,1,684.0,5,16,1
376,1,282.0,5,17,1
377,1,103.0,5,18,1
378,1,7.0,5,19,1
379,1,14.0,5,20,1
380,1,7.0,5,21,1
381,1,7.0,5,22,1
382,1,7.0,5,23,1
383,1,28.0,5,24,1
384,1,35.0,6,1,1
385,1,28.0,6,2,1
386,1,14.0,6,3,1
387,1,7.0,6,4,1
388,1,21.0,6,5,1
389,1,21.0,6,6,1
390,1,193.0,6,7,1
391,1,216.0,6,8,1
392,1,229.0,6,9,1
393,1,670.0,6,10,1
394,1,215.0,6,11,1
395,1,220.0,6,12,1
396,1,357.0,6,13,1
397,1,192.0,6,14,1
398,1,505.0,6,15,1
399,1,445.0,6,16,1
400,1,238.0,6,17,1
401,1,214.0,6,18,1
402,1,208.0,6,19,1
403,1,7.0,6,20,1
404,1,201.0,6,21,1
405,1,7.0,6,22,1
406,1,7.0,6,23,1
407,1,28.0,6,24,1
408,1,35.0,7,1,0
409,1,14.0,7,2,0
410,1,28.0,7,3,0
411,1,14.0,7,4,0
412,1,28.0,7,5,0
413,1,14.0,7,6,0
414,1,281.0,7,7,0
415,1,276.0,7,8,0
416,1,88.0,7,9,0
417,1,208.0,7,10,0
418,1,201.0,7,11,0
419,1,35.0,7,12,0
420,1,201.0,7,13,0
421,1,14.0,7,14,0
422,1,208.0,7,15,0
423,1,208.0,7,16,0
424,1,201.0,7,17,0
425,1,21.0,7,18,0
426,1,193.0,7,19,0
427,1,7.0,7,20,0
428,1,7.0,7,21,0
429,1,14.0,7,22,0
430,1,193.0,7,23,0
431,1,7.0,7,24,0
432,1,28.0,1,1,0
433,1,0.0,1,2,0
434,1,14.0,1,3,0
435,1,14.0,1,4,0
436,1,14.0,1,5,0
437,1,14.0,1,6,0
438,1,7.0,1,7,0
439,1,7.0,1,8,0
440,1,14.0,1,9,0
441,1,7.0,1,10,0
442,1,14.0,1,11,0
443,1,214.0,1,12,0
444,1,21.0,1,13,0
445,1,43.0,1,14,0
446,1,171.0,1,15,0
447,1,394.0,1,16,0
448,1,186.0,1,17,0
449,1,21.0,1,18,0
450,1,155.0,1,19,0
451,1,21.0,1,20,0
452,1,14.0,1,21,0
453,1,14.0,1,22,0
454,1,7.0,1,23,0
455,1,21.0,1,24,0
456,1,14.0,2,1,1
457,1,0.0,2,2,1
458,1,14.0,2,3,1
459,1,7.0,2,4,1
460,1,21.0,2,5,1
461,1,14.0,2,6,1
462,1,14.0,2,7,1
463,1,14.0,2,8,1
464,1,192.0,2,9,1
465,1,423.0,2,10,1
466,1,178.0,2,11,1
467,1,70.0,2,12,1
468,1,221.0,2,13,1
469,1,206.0,2,14,1
470,1,265.0,2,15,1
471,1,220.0,2,16,1
472,1,421.0,2,17,1
473,1,42.0,2,18,1
474,1,14.0,2,19,1
475,1,184.0,2,20,1
476,1,14.0,2,21,1
477,1,14.0,2,22,1
478,1,14.0,2,23,1
479,1,35.0,2,24,1
480,1,28.0,3,1,1
481,1,51.0,3,2,1
482,1,35.0,3,3,1
483,1,14.0,3,4,1
484,1,28.0,3,5,1
485,1,21.0,3,6,1
486,1,229.0,3,7,1
487,1,207.0,3,8,1
488,1,35.0,3,9,1
489,1,222.0,3,10,1
490,1,56.0,3,11,1
491,1,242.0,3,12,1
492,1,272.0,3,13,1
493,1,70.0,3,14,1
494,1,242.0,3,15,1
495,1,243.0,3,16,1
496,1,229.0,3,17,1
497,1,42.0,3,18,1
498,1,35.0,3,19,1
499,1,35.0,3,20,1
500,1,35.0,3,21,1
501,1,14.0,3,22,1
502,1,7.0,3,23,1
503,1,21.0,3,24,1
504,1,57.0,4,1,1
505,1,14.0,4,2,1
506,1,28.0,4,3,1
507,1,21.0,4,4,1
508,1,42.0,4,5,1
509,1,28.0,4,6,1
510,1,222.0,4,7,1
511,1,208.0,4,8,1
512,1,35.0,4,9,1
513,1,451.0,4,10,1
514,1,244.0,4,11,1
515,1,280.0,4,12,1
516,1,249.0,4,13,1
517,1,259.0,4,14,1
518,1,295.0,4,15,1
519,1,287.0,4,16,1
520,1,288.0,4,17,1
521,1,63.0,4,18,1
522,1,64.0,4,19,1
523,1,228.0,4,20,1
524,1,35.0,4,21,1
525,1,7.0,4,22,1
526,1,14.0,4,23,1
527,1,35.0,4,24,1
528,1,28.0,5,1,1
529,1,14.0,5,2,1
530,1,35.0,5,3,1
531,1,14.0,5,4,1
532,1,28.0,5,5,1
533,1,28.0,5,6,1
534,1,21.0,5,7,1
535,1,14.0,5,8,1
536,1,42.0,5,9,1
537,1,279.0,5,10,1
538,1,138.0,5,11,1
539,1,355.0,5,12,1
540,1,286.0,5,13,1
541,1,132.0,5,14,1
542,1,310.0,5,15,1
543,1,527.0,5,16,1
544,1,279.0,5,17,1
545,1,206.0,5,18,1
546,1,206.0,5,19,1
547,1,28.0,5,20,1
548,1,177.0,5,21,1
549,1,28.0,5,22,1
550,1,14.0,5,23,1
551,1,42.0,5,24,1
552,1,14.0,6,1,1
553,1,7.0,6,2,1
554,1,42.0,6,3,1
555,1,7.0,6,4,1
556,1,28.0,6,5,1
557,1,21.0,6,6,1
558,1,21.0,6,7,1
559,1,14.0,6,8,1
560,1,21.0,6,9,1
561,1,251.0,6,10,1
562,1,259.0,6,11,1
563,1,228.0,6,12,1
564,1,257.0,6,13,1
565,1,228.0,6,14,1
566,1,272.0,6,15,1
567,1,244.0,6,16,1
568,1,250.0,6,17,1
569,1,252.0,6,18,1
570,1,257.0,6,19,1
571,1,280.0,6,20,1
572,1,222.0,6,21,1
573,1,21.0,6,22,1
574,1,14.0,6,23,1
575,1,29.0,6,24,1
576,1,57.0,7,1,0
577,1,14.0,7,2,0
578,1,14.0,7,3,0
579,1,21.0,7,4,0
580,1,43.0,7,5,0
581,1,28.0,7,6,0
582,1,14.0,7,7,0
583,1,14.0,7,8,0
584,1,7.0,7,9,0
585,1,230.0,7,10,0
586,1,184.0,7,11,0
587,1,258.0,7,12,0
588,1,438.0,7,13,0
589,1,317.0,7,14,0
590,1,236.0,7,15,0
591,1,28.0,7,16,0
592,1,229.0,7,17,0
593,1,230.0,7,18,0
594,1,215.0,7,19,0
595,1,28.0,7,20,0
596,1,201.0,7,21,0
597,1,7.0,7,22,0
598,1,14.0,7,23,0
599,1,14.0,7,24,0
600,1,28.0,1,1,0
601,1,14.0,1,2,0
602,1,7.0,1,3,0
603,1,14.0,1,4,0
604,1,21.0,1,5,0
605,1,7.0,1,6,0
606,1,7.0,1,7,0
607,1,7.0,1,8,0
608,1,7.0,1,9,0
609,1,200.0,1,10,0
610,1,21.0,1,11,0
611,1,193.0,1,12,0
612,1,327.0,1,13,0
613,1,327.0,1,14,0
614,1,251.0,1,15,0
615,1,498.0,1,16,0
616,1,378.0,1,17,0
617,1,193.0,1,18,0
618,1,178.0,1,19,0
619,1,178.0,1,20,0
620,1,387.0,1,21,0
621,1,14.0,1,22,0
622,1,7.0,1,23,0
623,1,7.0,1,24,0
624,1,28.0,2,1,1
625,1,0.0,2,2,1
626,1,14.0,2,3,1
627,1,14.0,2,4,1
628,1,14.0,2,5,1
629,1,7.0,2,6,1
630,1,208.0,2,7,1
631,1,244.0,2,8,1
632,1,229.0,2,9,1
633,1,339.0,2,10,1
634,1,422.0,2,11,1
635,1,333.0,2,12,1
636,1,624.0,2,13,1
637,1,340.0,2,14,1
638,1,534.0,2,15,1
639,1,556.0,2,16,1
640,1,353.0,2,17,1
641,1,481.0,2,18,1
642,1,266.0,2,19,1
643,1,467.0,2,20,1
644,1,245.0,2,21,1
645,1,223.0,2,22,1
646,1,201.0,2,23,1
647,1,35.0,2,24,1
648,1,65.0,3,1,1
649,1,14.0,3,2,1
650,1,42.0,3,3,1
651,1,28.0,3,4,1
652,1,28.0,3,5,1
653,1,21.0,3,6,1
654,1,155.0,3,7,1
655,1,312.0,3,8,1
656,2,495.0,3,9,1
657,1,587.0,3,10,1
658,0,569.33,3,11,1
659,0,551.67,3,12,1
660,1,534.0,3,13,1
661,1,624.0,3,14,1
662,1,601.0,3,15,1
663,1,563.0,3,16,1
664,1,579.0,3,17,1
665,1,444.0,3,18,1
666,1,533.0,3,19,1
667,1,489.0,3,20,1
668,1,252.0,3,21,1
669,1,259.0,3,22,1
670,1,216.0,3,23,1
671,1,28.0,3,24,1
672,1,7.0,4,1,1
673,1,58.0,4,2,1
674,1,28.0,4,3,1
675,1,36.0,4,4,1
676,1,28.0,4,5,1
677,1,21.0,4,6,1
678,1,229.0,4,7,1
679,1,416.0,4,8,1
680,1,236.0,4,9,1
681,1,698.0,4,10,1
682,1,459.0,4,11,1
683,1,303.0,4,12,1
684,1,474.0,4,13,1
685,1,503.0,4,14,1
686,1,706.0,4,15,1
687,1,638.0,4,16,1
688,1,601.0,4,17,1
689,1,526.0,4,18,1
690,1,490.0,4,19,1
691,1,287.0,4,20,1
692,1,558.0,4,21,1
693,1,223.0,4,22,1
694,1,201.0,4,23,1
695,1,28.0,4,24,1
696,1,57.0,5,1,1
697,1,7.0,5,2,1
698,1,21.0,5,3,1
699,1,21.0,5,4,1
700,1,28.0,5,5,1
701,1,21.0,5,6,1
702,1,215.0,5,7,1
703,1,215.0,5,8,1
704,1,437.0,5,9,1
705,1,272.0,5,10,1
706,1,325.0,5,11,1
707,1,578.0,5,12,1
708,1,311.0,5,13,1
709,1,706.0,5,14,1
710,1,333.0,5,15,1
711,1,727.0,5,16,1
712,1,310.0,5,17,1
713,1,364.0,5,18,1
714,1,266.0,5,19,1
715,1,79.0,5,20,1
716,1,208.0,5,21,1
717,1,208.0,5,22,1
718,1,7.0,5,23,1
719,1,35.0,5,24,1
720,1,21.0,6,1,1
721,1,14.0,6,2,1
722,1,35.0,6,3,1
723,1,21.0,6,4,1
724,1,21.0,6,5,1
725,1,21.0,6,6,1
726,0,14.0,6,7,1
727,1,7.0,6,8,1
728,1,28.0,6,9,1
729,1,310.0,6,10,1
730,0,194.5,6,11,1
731,1,79.0,6,12,1
732,1,214.0,6,13,1
733,1,101.0,6,14,1
734,1,221.0,6,15,1
735,1,258.0,6,16,1
736,1,116.0,6,17,1
737,1,235.0,6,18,1
738,1,148.0,6,19,1
739,1,80.0,6,20,1
740,1,21.0,6,21,1
741,1,186.0,6,22,1
742,1,193.0,6,23,1
743,1,42.0,6,24,1
744,1,28.0,7,1,0
745,1,14.0,7,2,0
746,1,42.0,7,3,0
747,1,14.0,7,4,0
748,1,21.0,7,5,0
749,1,14.0,7,6,0
750,1,126.0,7,7,0
751,1,89.0,7,8,0
752,1,7.0,7,9,0
753,1,14.0,7,10,0
754,1,194.0,7,11,0
755,1,7.0,7,12,0
756,1,200.0,7,13,0
757,1,193.0,7,14,0
758,1,222.0,7,15,0
759,1,21.0,7,16,0
760,1,216.0,7,17,0
761,1,215.0,7,18,0
762,1,215.0,7,19,0
763,1,201.0,7,20,0
764,1,7.0,7,21,0
765,1,208.0,7,22,0
766,1,7.0,7,23,0
767,1,7.0,7,24,0
768,1,29.0,1,1,0
769,1,7.0,1,2,0
770,1,7.0,1,3,0
771,1,7.0,1,4,0
772,1,21.0,1,5,0
773,1,7.0,1,6,0
774,1,201.0,1,7,0
775,1,157.0,1,8,0
776,1,7.0,1,9,0
777,1,215.0,1,10,0
778,1,208.0,1,11,0
779,1,208.0,1,12,0
780,1,215.0,1,13,0
781,1,230.0,1,14,0
782,1,237.0,1,15,0
783,1,648.0,1,16,0
784,1,178.0,1,17,0
785,1,350.0,1,18,0
786,1,171.0,1,19,0
787,1,170.0,1,20,0
788,1,223.0,1,21,0
789,1,208.0,1,22,0
790,1,7.0,1,23,0
791,1,7.0,1,24,0
792,1,0.0,2,1,1
793,1,14.0,2,2,1
794,1,7.0,2,3,1
795,1,7.0,2,4,1
796,1,14.0,2,5,1
797,1,7.0,2,6,1
798,1,208.0,2,7,1
799,1,208.0,2,8,1
800,1,282.0,2,9,1
801,1,552.0,2,10,1
802,1,282.0,2,11,1
803,1,267.0,2,12,1
804,1,223.0,2,13,1
805,1,327.0,2,14,1
806,1,655.0,2,15,1
807,1,266.0,2,16,1
808,1,438.0,2,17,1
809,1,208.0,2,18,1
810,1,208.0,2,19,1
811,1,201.0,2,20,1
812,1,208.0,2,21,1
813,1,201.0,2,22,1
814,1,7.0,2,23,1
815,1,21.0,2,24,1
816,1,28.0,3,1,1
817,1,7.0,3,2,1
818,1,28.0,3,3,1
819,1,7.0,3,4,1
820,1,28.0,3,5,1
821,1,14.0,3,6,1
822,1,134.0,3,7,1
823,1,305.0,3,8,1
824,1,245.0,3,9,1
825,1,264.0,3,10,1
826,1,295.0,3,11,1
827,1,474.0,3,12,1
828,1,437.0,3,13,1
829,1,610.0,3,14,1
830,1,347.0,3,15,1
831,1,579.0,3,16,1
832,1,555.0,3,17,1
833,1,279.0,3,18,1
834,1,526.0,3,19,1
835,1,251.0,3,20,1
836,1,453.0,3,21,1
837,1,229.0,3,22,1
838,1,21.0,3,23,1
839,1,42.0,3,24,1
840,1,21.0,4,1,1
841,1,14.0,4,2,1
842,1,28.0,4,3,1
843,1,7.0,4,4,1
844,1,28.0,4,5,1
845,1,14.0,4,6,1
846,1,214.0,4,7,1
847,1,216.0,4,8,1
848,1,236.0,4,9,1
849,1,504.0,4,10,1
850,1,519.0,4,11,1
851,1,361.0,4,12,1
852,1,480.0,4,13,1
853,1,534.0,4,14,1
854,1,602.0,4,15,1
855,1,751.0,4,16,1
856,1,623.0,4,17,1
857,1,564.0,4,18,1
858,1,325.0,4,19,1
859,1,483.0,4,20,1
860,1,460.0,4,21,1
861,1,222.0,4,22,1
862,1,222.0,4,23,1
863,1,49.0,4,24,1
864,1,21.0,5,1,1
865,1,14.0,5,2,1
866,1,21.0,5,3,1
867,1,0.0,5,4,1
868,1,35.0,5,5,1
869,1,7.0,5,6,1
870,1,222.0,5,7,1
871,1,409.0,5,8,1
872,1,243.0,5,9,1
873,1,480.0,5,10,1
874,1,310.0,5,11,1
875,1,631.0,5,12,1
876,1,534.0,5,13,1
877,1,609.0,5,14,1
878,1,519.0,5,15,1
879,1,527.0,5,16,1
880,1,504.0,5,17,1
881,1,257.0,5,18,1
882,1,236.0,5,19,1
883,1,191.0,5,20,1
884,1,215.0,5,21,1
885,1,229.0,5,22,1
886,1,29.0,5,23,1
887,1,57.0,5,24,1
888,1,57.0,6,1,1
889,1,14.0,6,2,1
890,1,28.0,6,3,1
891,1,7.0,6,4,1
892,1,28.0,6,5,1
893,1,28.0,6,6,1
894,1,200.0,6,7,1
895,1,193.0,6,8,1
896,1,14.0,6,9,1
897,1,407.0,6,10,1
898,1,228.0,6,11,1
899,1,309.0,6,12,1
900,1,265.0,6,13,1
901,1,228.0,6,14,1
902,1,287.0,6,15,1
903,1,251.0,6,16,1
904,1,250.0,6,17,1
905,1,250.0,6,18,1
906,1,243.0,6,19,1
907,1,21.0,6,20,1
908,1,193.0,6,21,1
909,1,7.0,6,22,1
910,1,14.0,6,23,1
911,1,42.0,6,24,1
912,1,28.0,7,1,0
913,1,7.0,7,2,0
914,1,28.0,7,3,0
915,1,14.0,7,4,0
916,1,28.0,7,5,0
917,1,14.0,7,6,0
918,1,21.0,7,7,0
919,1,0.0,7,8,0
920,1,7.0,7,9,0
921,1,14.0,7,10,0
922,1,7.0,7,11,0
923,1,14.0,7,12,0
924,1,28.0,7,13,0
925,1,222.0,7,14,0
926,1,14.0,7,15,0
927,1,21.0,7,16,0
928,1,35.0,7,17,0
929,1,28.0,7,18,0
930,1,200.0,7,19,0
931,1,7.0,7,20,0
932,1,7.0,7,21,0
933,1,14.0,7,22,0
934,1,7.0,7,23,0
935,1,0.0,7,24,0
936,1,21.0,1,1,0
937,1,14.0,1,2,0
938,1,0.0,1,3,0
939,1,7.0,1,4,0
940,1,21.0,1,5,0
941,1,0.0,1,6,0
942,1,7.0,1,7,0
943,1,0.0,1,8,0
944,1,7.0,1,9,0
945,1,0.0,1,10,0
946,1,14.0,1,11,0
947,1,7.0,1,12,0
948,1,14.0,1,13,0
949,1,21.0,1,14,0
950,1,7.0,1,15,0
951,1,43.0,1,16,0
952,1,28.0,1,17,0
953,1,14.0,1,18,0
954,1,7.0,1,19,0
955,1,7.0,1,20,0
956,1,7.0,1,21,0
957,1,14.0,1,22,0
958,1,0.0,1,23,0
959,1,14.0,1,24,0
960,1,7.0,2,1,1
961,1,7.0,2,2,1
962,1,7.0,2,3,1
963,1,0.0,2,4,1
964,1,21.0,2,5,1
965,1,7.0,2,6,1
966,1,14.0,2,7,1
967,1,7.0,2,8,1
968,1,14.0,2,9,1
969,1,35.0,2,10,1
970,1,177.0,2,11,1
971,1,117.0,2,12,1
972,1,87.0,2,13,1
973,1,49.0,2,14,1
974,1,49.0,2,15,1
975,1,42.0,2,16,1
976,1,49.0,2,17,1
977,1,21.0,2,18,1
978,1,28.0,2,19,1
979,1,14.0,2,20,1
980,1,7.0,2,21,1
981,1,21.0,2,22,1
982,1,7.0,2,23,1
983,1,28.0,2,24,1
984,1,14.0,3,1,1
985,1,21.0,3,2,1
986,1,21.0,3,3,1
987,1,21.0,3,4,1
988,1,21.0,3,5,1
989,1,14.0,3,6,1
990,1,14.0,3,7,1
991,1,14.0,3,8,1
992,1,7.0,3,9,1
993,1,35.0,3,10,1
994,1,108.0,3,11,1
995,1,49.0,3,12,1
996,1,56.0,3,13,1
997,1,199.0,3,14,1
998,1,35.0,3,15,1
999,1,206.0,3,16,1
1000,1,42.0,3,17,1
1001,1,169.0,3,18,1
1002,1,57.0,3,19,1
1003,1,21.0,3,20,1
1004,1,21.0,3,21,1
1005,1,14.0,3,22,1
1006,1,14.0,3,23,1
1007,1,35.0,3,24,1
1008,1,28.0,4,1,1
1009,1,21.0,4,2,1
1010,1,14.0,4,3,1
1011,1,7.0,4,4,1
1012,1,28.0,4,5,1
1013,1,7.0,4,6,1
1014,1,28.0,4,7,1
1015,1,7.0,4,8,1
1016,1,28.0,4,9,1
1017,1,452.0,4,10,1
1018,1,274.0,4,11,1
1019,1,137.0,4,12,1
1020,1,130.0,4,13,1
1021,1,325.0,4,14,1
1022,1,137.0,4,15,1
1023,1,123.0,4,16,1
1024,1,303.0,4,17,1
1025,1,78.0,4,18,1
1026,1,272.0,4,19,1
1027,1,70.0,4,20,1
1028,1,42.0,4,21,1
1029,1,228.0,4,22,1
1030,1,14.0,4,23,1
1031,1,42.0,4,24,1
1032,1,21.0,5,1,1
1033,1,28.0,5,2,1
1034,1,21.0,5,3,1
1035,1,14.0,5,4,1
1036,1,21.0,5,5,1
1037,1,21.0,5,6,1
1038,1,207.0,5,7,1
1039,1,14.0,5,8,1
1040,1,42.0,5,9,1
1041,1,234.0,5,10,1
1042,1,332.0,5,11,1
1043,1,415.0,5,12,1
1044,1,296.0,5,13,1
1045,1,384.0,5,14,1
1046,1,354.0,5,15,1
1047,1,520.0,5,16,1
1048,1,310.0,5,17,1
1049,1,242.0,5,18,1
1050,1,229.0,5,19,1
1051,1,192.0,5,20,1
1052,1,215.0,5,21,1
1053,1,215.0,5,22,1
1054,1,14.0,5,23,1
1055,1,28.0,5,24,1
1056,1,42.0,6,1,1
1057,1,21.0,6,2,1
1058,1,14.0,6,3,1
1059,1,14.0,6,4,1
1060,1,28.0,6,5,1
1061,1,21.0,6,6,1
1062,1,21.0,6,7,1
1063,1,193.0,6,8,1
1064,1,208.0,6,9,1
1065,1,451.0,6,10,1
1066,1,467.0,6,11,1
1067,1,272.0,6,12,1
1068,1,257.0,6,13,1
1069,1,272.0,6,14,1
1070,1,309.0,6,15,1
1071,1,287.0,6,16,1
1072,1,280.0,6,17,1
1073,1,489.0,6,18,1
1074,1,251.0,6,19,1
1075,1,250.0,6,20,1
1076,1,237.0,6,21,1
1077,1,170.0,6,22,1
1078,1,66.0,6,23,1
1079,1,56.0,6,24,1
1080,1,21.0,7,1,0
1081,1,21.0,7,2,0
1082,1,21.0,7,3,0
1083,1,21.0,7,4,0
1084,1,35.0,7,5,0
1085,1,14.0,7,6,0
1086,1,207.0,7,7,0
1087,1,7.0,7,8,0
1088,1,193.0,7,9,0
1089,1,21.0,7,10,0
1090,1,207.0,7,11,0
1091,1,237.0,7,12,0
1092,1,230.0,7,13,0
1093,1,237.0,7,14,0
1094,1,243.0,7,15,0
1095,1,244.0,7,16,0
1096,1,251.0,7,17,0
1097,1,223.0,7,18,0
1098,1,223.0,7,19,0
1099,1,208.0,7,20,0
1100,1,207.0,7,21,0
1101,1,14.0,7,22,0
1102,1,7.0,7,23,0
1103,1,21.0,7,24,0
1104,1,14.0,1,1,0
1105,1,7.0,1,2,0
1106,1,14.0,1,3,0
1107,1,7.0,1,4,0
1108,1,28.0,1,5,0
1109,1,179.0,1,6,0
1110,1,7.0,1,7,0
1111,1,7.0,1,8,0
1112,1,7.0,1,9,0
1113,1,200.0,1,10,0
1114,1,7.0,1,11,0
1115,1,214.0,1,12,0
1116,1,237.0,1,13,0
1117,1,244.0,1,14,0
1118,1,251.0,1,15,0
1119,1,661.0,1,16,0
1120,1,349.0,1,17,0
1121,1,229.0,1,18,0
1122,1,185.0,1,19,0
1123,1,199.0,1,20,0
1124,1,201.0,1,21,0
1125,1,207.0,1,22,0
1126,1,7.0,1,23,0
1127,1,21.0,1,24,0
1128,1,7.0,2,1,1
1129,1,14.0,2,2,1
1130,1,7.0,2,3,1
1131,1,7.0,2,4,1
1132,1,21.0,2,5,1
1133,1,7.0,2,6,1
1134,1,14.0,2,7,1
1135,1,14.0,2,8,1
1136,1,235.0,2,9,1
1137,1,347.0,2,10,1
1138,1,422.0,2,11,1
1139,1,310.0,2,12,1
1140,1,295.0,2,13,1
1141,1,332.0,2,14,1
1142,1,332.0,2,15,1
1143,1,280.0,2,16,1
1144,1,333.0,2,17,1
1145,1,309.0,2,18,1
1146,1,264.0,2,19,1
1147,1,264.0,2,20,1
1148,1,257.0,2,21,1
1149,1,42.0,2,22,1
1150,1,221.0,2,23,1
1151,1,63.0,2,24,1
1152,1,49.0,3,1,1
1153,1,42.0,3,2,1
1154,1,21.0,3,3,1
1155,1,56.0,3,4,1
1156,1,21.0,3,5,1
1157,1,21.0,3,6,1
1158,1,35.0,3,7,1
1159,1,21.0,3,8,1
1160,1,42.0,3,9,1
1161,1,280.0,3,10,1
1162,1,316.0,3,11,1
1163,1,377.0,3,12,1
1164,1,309.0,3,13,1
1165,1,363.0,3,14,1
1166,1,557.0,3,15,1
1167,1,324.0,3,16,1
1168,1,385.0,3,17,1
1169,1,444.0,3,18,1
1170,1,265.0,3,19,1
1171,1,243.0,3,20,1
1172,1,243.0,3,21,1
1173,1,21.0,3,22,1
1174,1,221.0,3,23,1
1175,1,42.0,3,24,1
1176,1,28.0,4,1,1
1177,1,21.0,4,2,1
1178,1,14.0,4,3,1
1179,1,21.0,4,4,1
1180,1,35.0,4,5,1
1181,1,14.0,4,6,1
1182,1,200.0,4,7,1
1183,1,28.0,4,8,1
1184,1,28.0,4,9,1
1185,1,409.0,4,10,1
1186,1,229.0,4,11,1
1187,1,192.0,4,12,1
1188,1,86.0,4,13,1
1189,1,206.0,4,14,1
1190,1,424.0,4,15,1
1191,1,264.0,4,16,1
1192,1,49.0,4,17,1
1193,1,243.0,4,18,1
1194,1,243.0,4,19,1
1195,1,49.0,4,20,1
1196,1,221.0,4,21,1
1197,1,28.0,4,22,1
1198,1,7.0,4,23,1
1199,1,21.0,4,24,1
1200,1,28.0,5,1,1
1201,1,14.0,5,2,1
1202,1,28.0,5,3,1
1203,1,14.0,5,4,1
1204,1,21.0,5,5,1
1205,1,21.0,5,6,1
1206,1,21.0,5,7,1
1207,1,21.0,5,8,1
1208,1,50.0,5,9,1
1209,1,78.0,5,10,1
1210,1,153.0,5,11,1
1211,1,212.0,5,12,1
1212,1,309.0,5,13,1
1213,1,174.0,5,14,1
1214,1,369.0,5,15,1
1215,1,497.0,5,16,1
1216,1,308.0,5,17,1
1217,1,287.0,5,18,1
1218,1,137.0,5,19,1
1219,1,249.0,5,20,1
1220,1,84.0,5,21,1
1221,1,77.0,5,22,1
1222,1,71.0,5,23,1
1223,1,84.0,5,24,1
1224,1,85.0,6,1,1
1225,1,63.0,6,2,1
1226,1,71.0,6,3,1
1227,1,63.0,6,4,1
1228,1,63.0,6,5,1
1229,1,7.0,6,6,1
1230,1,171.0,6,7,1
1231,1,21.0,6,8,1
1232,1,56.0,6,9,1
1233,1,459.0,6,10,1
1234,1,279.0,6,11,1
1235,1,99.0,6,12,1
1236,1,256.0,6,13,1
1237,1,345.0,6,14,1
1238,1,309.0,6,15,1
1239,1,368.0,6,16,1
1240,1,309.0,6,17,1
1241,1,346.0,6,18,1
1242,1,326.0,6,19,1
1243,1,706.0,6,20,1
1244,1,744.0,6,21,1
1245,1,356.0,6,22,1
1246,1,57.0,6,23,1
1247,1,71.0,6,24,1
1248,1,63.0,7,1,0
1249,1,28.0,7,2,0
1250,1,35.0,7,3,0
1251,1,28.0,7,4,0
1252,1,42.0,7,5,0
1253,1,14.0,7,6,0
1254,1,21.0,7,7,0
1255,1,14.0,7,8,0
1256,1,7.0,7,9,0
1257,1,14.0,7,10,0
1258,1,28.0,7,11,0
1259,1,28.0,7,12,0
1260,1,28.0,7,13,0
1261,1,28.0,7,14,0
1262,1,21.0,7,15,0
1263,1,35.0,7,16,0
1264,1,42.0,7,17,0
1265,1,65.0,7,18,0
1266,1,56.0,7,19,0
1267,1,49.0,7,20,0
1268,1,36.0,7,21,0
1269,1,28.0,7,22,0
1270,1,35.0,7,23,0
1271,1,28.0,7,24,0
1272,1,21.0,1,1,0
1273,1,14.0,1,2,0
1274,1,14.0,1,3,0
1275,1,14.0,1,4,0
1276,1,14.0,1,5,0
1277,1,14.0,1,6,0
1278,1,14.0,1,7,0
1279,1,21.0,1,8,0
1280,1,14.0,1,9,0
1281,1,28.0,1,10,0
1282,1,28.0,1,11,0
1283,1,14.0,1,12,0
1284,1,28.0,1,13,0
1285,1,28.0,1,14,0
1286,1,35.0,1,15,0
1287,1,393.0,1,16,0
1288,1,86.0,1,17,0
1289,1,21.0,1,18,0
1290,1,35.0,1,19,0
1291,1,28.0,1,20,0
1292,1,21.0,1,21,0
1293,1,28.0,1,22,0
1294,1,14.0,1,23,0
1295,1,21.0,1,24,0
1296,1,21.0,2,1,1
1297,1,14.0,2,2,1
1298,1,0.0,2,3,1
1299,1,14.0,2,4,1
1300,1,28.0,2,5,1
1301,1,7.0,2,6,1
1302,1,14.0,2,7,1
1303,1,14.0,2,8,1
1304,1,49.0,2,9,1
1305,1,295.0,2,10,1
1306,1,355.0,2,11,1
1307,1,310.0,2,12,1
1308,1,136.0,2,13,1
1309,1,241.0,2,14,1
1310,1,130.0,2,15,1
1311,1,450.0,2,16,1
1312,1,153.0,2,17,1
1313,1,114.0,2,18,1
1314,1,86.0,2,19,1
1315,1,56.0,2,20,1
1316,1,42.0,2,21,1
1317,1,28.0,2,22,1
1318,1,42.0,2,23,1
1319,1,49.0,2,24,1
1320,1,56.0,3,1,1
1321,1,14.0,3,2,1
1322,1,35.0,3,3,1
1323,1,35.0,3,4,1
1324,1,28.0,3,5,1
1325,1,21.0,3,6,1
1326,1,28.0,3,7,1
1327,1,35.0,3,8,1
1328,1,63.0,3,9,1
1329,1,99.0,3,10,1
1330,1,211.0,3,11,1
1331,1,234.0,3,12,1
1332,1,115.0,3,13,1
1333,1,190.0,3,14,1
1334,1,189.0,3,15,1
1335,1,128.0,3,16,1
1336,1,181.0,3,17,1
1337,1,107.0,3,18,1
1338,1,220.0,3,19,1
1339,1,42.0,3,20,1
1340,1,42.0,3,21,1
1341,1,35.0,3,22,1
1342,1,21.0,3,23,1
1343,1,42.0,3,24,1
1344,1,21.0,4,1,1
1345,1,21.0,4,2,1
1346,1,28.0,4,3,1
1347,1,14.0,4,4,1
1348,1,28.0,4,5,1
1349,1,21.0,4,6,1
1350,1,178.0,4,7,1
1351,1,21.0,4,8,1
1352,1,28.0,4,9,1
1353,1,429.0,4,10,1
1354,1,310.0,4,11,1
1355,1,466.0,4,12,1
1356,1,273.0,4,13,1
1357,1,174.0,4,14,1
1358,1,294.0,4,15,1
1359,1,295.0,4,16,1
1360,1,166.0,4,17,1
1361,1,248.0,4,18,1
1362,1,71.0,4,19,1
1363,1,272.0,4,20,1
1364,1,85.0,4,21,1
1365,1,35.0,4,22,1
1366,1,35.0,4,23,1
1367,1,56.0,4,24,1
1368,1,71.0,5,1,1
1369,1,21.0,5,2,1
1370,1,28.0,5,3,1
1371,1,21.0,5,4,1
1372,1,28.0,5,5,1
1373,1,21.0,5,6,1
1374,1,35.0,5,7,1
1375,1,21.0,5,8,1
1376,1,57.0,5,9,1
1377,1,93.0,5,10,1
1378,1,109.0,5,11,1
1379,1,189.0,5,12,1
1380,1,130.0,5,13,1
1381,1,235.0,5,14,1
1382,1,167.0,5,15,1
1383,1,122.0,5,16,1
1384,1,211.0,5,17,1
1385,1,138.0,5,18,1
1386,1,93.0,5,19,1
1387,1,56.0,5,20,1
1388,1,35.0,5,21,1
1389,1,35.0,5,22,1
1390,1,21.0,5,23,1
1391,1,28.0,5,24,1
1392,1,35.0,6,1,1
1393,1,21.0,6,2,1
1394,1,35.0,6,3,1
1395,1,21.0,6,4,1
1396,1,28.0,6,5,1
1397,0,24.5,6,6,1
1398,1,21.0,6,7,1
1399,1,14.0,6,8,1
1400,1,49.0,6,9,1
1401,1,236.0,6,10,1
1402,1,86.0,6,11,1
1403,1,99.0,6,12,1
1404,1,99.0,6,13,1
1405,1,107.0,6,14,1
1406,1,315.0,6,15,1
1407,1,85.0,6,16,1
1408,1,77.0,6,17,1
1409,1,100.0,6,18,1
1410,1,220.0,6,19,1
1411,1,28.0,6,20,1
1412,1,35.0,6,21,1
1413,1,35.0,6,22,1
1414,1,28.0,6,23,1
1415,1,64.0,6,24,1
1416,1,49.0,7,1,0
1417,1,21.0,7,2,0
1418,1,21.0,7,3,0
1419,1,14.0,7,4,0
1420,1,35.0,7,5,0
1421,1,28.0,7,6,0
1422,1,14.0,7,7,0
1423,1,14.0,7,8,0
1424,1,7.0,7,9,0
1425,1,35.0,7,10,0
1426,1,49.0,7,11,0
1427,1,70.0,7,12,0
1428,1,131.0,7,13,0
1429,1,93.0,7,14,0
1430,1,294.0,7,15,0
1431,1,302.0,7,16,0
1432,1,361.0,7,17,0
1433,1,273.0,7,18,0
1434,1,310.0,7,19,0
1435,1,249.0,7,20,0
1436,1,325.0,7,21,0
1437,1,42.0,7,22,0
1438,1,28.0,7,23,0
1439,1,28.0,7,24,0
1440,1,49.0,1,1,0
1441,1,28.0,1,2,0
1442,1,35.0,1,3,0
1443,1,21.0,1,4,0
1444,1,28.0,1,5,0
1445,1,28.0,1,6,0
1446,1,21.0,1,7,0
1447,1,28.0,1,8,0
1448,1,21.0,1,9,0
1449,1,42.0,1,10,0
1450,1,28.0,1,11,0
1451,1,42.0,1,12,0
1452,1,63.0,1,13,0
1453,1,56.0,1,14,0
1454,1,92.0,1,15,0
1455,1,130.0,1,16,0
1456,1,130.0,1,17,0
1457,1,56.0,1,18,0
1458,1,42.0,1,19,0
1459,1,28.0,1,20,0
1460,1,28.0,1,21,0
1461,1,28.0,1,22,0
1462,1,21.0,1,23,0
1463,1,49.0,1,24,0
1464,1,7.0,2,1,1
1465,1,14.0,2,2,1
1466,1,14.0,2,3,1
1467,1,7.0,2,4,1
1468,1,28.0,2,5,1
1469,1,14.0,2,6,1
1470,1,14.0,2,7,1
1471,1,14.0,2,8,1
1472,1,42.0,2,9,1
1473,1,287.0,2,10,1
1474,1,116.0,2,11,1
1475,1,332.0,2,12,1
1476,1,781.0,2,13,1
1477,1,205.0,2,14,1
1478,1,145.0,2,15,1
1479,1,138.0,2,16,1
1480,1,318.0,2,17,1
1481,1,116.0,2,18,1
1482,1,115.0,2,19,1
1483,1,100.0,2,20,1
1484,1,63.0,2,21,1
1485,1,70.0,2,22,1
1486,1,42.0,2,23,1
1487,1,63.0,2,24,1
1488,1,49.0,3,1,1
1489,1,49.0,3,2,1
1490,1,42.0,3,3,1
1491,1,14.0,3,4,1
1492,1,28.0,3,5,1
1493,1,14.0,3,6,1
1494,1,35.0,3,7,1
1495,1,21.0,3,8,1
1496,1,35.0,3,9,1
1497,1,63.0,3,10,1
1498,1,123.0,3,11,1
1499,1,211.0,3,12,1
1500,1,101.0,3,13,1
1501,1,310.0,3,14,1
1502,1,153.0,3,15,1
1503,1,167.0,3,16,1
1504,1,159.0,3,17,1
1505,1,99.0,3,18,1
1506,1,257.0,3,19,1
1507,1,70.0,3,20,1
1508,1,49.0,3,21,1
1509,1,49.0,3,22,1
1510,1,43.0,3,23,1
1511,1,49.0,3,24,1
1512,1,35.0,4,1,1
1513,1,14.0,4,2,1
1514,1,42.0,4,3,1
1515,1,21.0,4,4,1
1516,1,35.0,4,5,1
1517,1,21.0,4,6,1
1518,1,21.0,4,7,1
1519,1,21.0,4,8,1
1520,1,28.0,4,9,1
1521,1,250.0,4,10,1
1522,1,265.0,4,11,1
1523,1,189.0,4,12,1
1524,1,136.0,4,13,1
1525,1,167.0,4,14,1
1526,1,212.0,4,15,1
1527,1,139.0,4,16,1
1528,1,159.0,4,17,1
1529,1,93.0,4,18,1
1530,1,136.0,4,19,1
1531,1,113.0,4,20,1
1532,1,93.0,4,21,1
1533,1,123.0,4,22,1
1534,1,49.0,4,23,1
1535,1,64.0,4,24,1
1536,1,35.0,5,1,1
1537,1,42.0,5,2,1
1538,1,56.0,5,3,1
1539,1,28.0,5,4,1
1540,1,28.0,5,5,1
1541,1,21.0,5,6,1
1542,1,21.0,5,7,1
1543,1,559.0,5,8,1
1544,1,160.0,5,9,1
1545,1,91.0,5,10,1
1546,1,309.0,5,11,1
1547,1,154.0,5,12,1
1548,1,123.0,5,13,1
1549,1,189.0,5,14,1
1550,1,122.0,5,15,1
1551,1,504.0,5,16,1
1552,1,317.0,5,17,1
1553,1,70.0,5,18,1
1554,1,93.0,5,19,1
1555,1,70.0,5,20,1
1556,1,42.0,5,21,1
1557,1,57.0,5,22,1
1558,1,28.0,5,23,1
1559,1,57.0,5,24,1
1560,1,42.0,6,1,1
1561,1,28.0,6,2,1
1562,1,35.0,6,3,1
1563,1,14.0,6,4,1
1564,1,28.0,6,5,1
1565,1,21.0,6,6,1
1566,1,35.0,6,7,1
1567,1,229.0,6,8,1
1568,1,282.0,6,9,1
1569,1,496.0,6,10,1
1570,1,258.0,6,11,1
1571,1,71.0,6,12,1
1572,1,130.0,6,13,1
1573,1,87.0,6,14,1
1574,1,71.0,6,15,1
1575,1,84.0,6,16,1
1576,1,229.0,6,17,1
1577,1,49.0,6,18,1
1578,1,56.0,6,19,1
1579,1,93.0,6,20,1
1580,1,80.0,6,21,1
1581,1,147.0,6,22,1
1582,1,79.0,6,23,1
1583,1,42.0,6,24,1
1584,1,28.0,7,1,0
1585,1,28.0,7,2,0
1586,1,43.0,7,3,0
1587,1,14.0,7,4,0
1588,1,35.0,7,5,0
1589,1,35.0,7,6,0
1590,1,28.0,7,7,0
1591,1,0.0,7,8,0
1592,1,14.0,7,9,0
1593,1,21.0,7,10,0
1594,1,43.0,7,11,0
1595,1,28.0,7,12,0
1596,1,56.0,7,13,0
1597,1,243.0,7,14,0
1598,1,56.0,7,15,0
1599,1,115.0,7,16,0
1600,1,199.0,7,17,0
1601,1,49.0,7,18,0
1602,1,49.0,7,19,0
1603,1,107.0,7,20,0
1604,1,199.0,7,21,0
1605,1,131.0,7,22,0
1606,1,42.0,7,23,0
1607,1,21.0,7,24,0
1608,1,28.0,1,1,0
1609,1,7.0,1,2,0
1610,1,28.0,1,3,0
1611,1,28.0,1,4,0
1612,1,42.0,1,5,0
1613,1,21.0,1,6,0
1614,1,14.0,1,7,0
1615,1,21.0,1,8,0
1616,1,28.0,1,9,0
1617,1,21.0,1,10,0
1618,1,170.0,1,11,0
1619,1,132.0,1,12,0
1620,1,109.0,1,13,0
1621,1,518.0,1,14,0
1622,1,272.0,1,15,0
1623,1,609.0,1,16,0
1624,1,288.0,1,17,0
1625,1,177.0,1,18,0
1626,1,42.0,1,19,0
1627,1,35.0,1,20,0
1628,1,163.0,1,21,0
1629,1,28.0,1,22,0
1630,1,14.0,1,23,0
1631,1,14.0,1,24,0
1632,1,35.0,2,1,1
1633,1,14.0,2,2,1
1634,1,7.0,2,3,1
1635,1,7.0,2,4,1
1636,1,28.0,2,5,1
1637,1,14.0,2,6,1
1638,1,0.0,2,7,1
1639,1,21.0,2,8,1
1640,1,28.0,2,9,1
1641,1,408.0,2,10,1
1642,1,355.0,2,11,1
1643,1,332.0,2,12,1
1644,1,317.0,2,13,1
1645,1,340.0,2,14,1
1646,1,182.0,2,15,1
1647,1,235.0,2,16,1
1648,1,324.0,2,17,1
1649,1,258.0,2,18,1
1650,1,258.0,2,19,1
1651,1,251.0,2,20,1
1652,1,221.0,2,21,1
1653,1,71.0,2,22,1
1654,1,163.0,2,23,1
1655,1,56.0,2,24,1
1656,1,28.0,3,1,1
1657,1,21.0,3,2,1
1658,1,43.0,3,3,1
1659,1,7.0,3,4,1
1660,1,21.0,3,5,1
1661,1,28.0,3,6,1
1662,1,222.0,3,7,1
1663,1,171.0,3,8,1
1664,1,28.0,3,9,1
1665,1,249.0,3,10,1
1666,1,288.0,3,11,1
1667,1,519.0,3,12,1
1668,1,333.0,3,13,1
1669,1,377.0,3,14,1
1670,1,520.0,3,15,1
1671,1,325.0,3,16,1
1672,1,474.0,3,17,1
1673,1,309.0,3,18,1
1674,1,235.0,3,19,1
1675,1,214.0,3,20,1
1676,1,214.0,3,21,1
1677,1,200.0,3,22,1
1678,1,28.0,3,23,1
1679,1,49.0,3,24,1
1680,1,35.0,4,1,1
1681,1,42.0,4,2,1
1682,1,14.0,4,3,1
1683,1,7.0,4,4,1
1684,1,28.0,4,5,1
1685,1,21.0,4,6,1
1686,1,350.0,4,7,1
1687,1,21.0,4,8,1
1688,1,42.0,4,9,1
1689,1,474.0,4,10,1
1690,1,242.0,4,11,1
1691,1,295.0,4,12,1
1692,1,287.0,4,13,1
1693,1,324.0,4,14,1
1694,1,384.0,4,15,1
1695,1,362.0,4,16,1
1696,1,504.0,4,17,1
1697,1,294.0,4,18,1
1698,1,258.0,4,19,1
1699,1,242.0,4,20,1
1700,1,21.0,4,21,1
1701,1,214.0,4,22,1
1702,1,7.0,4,23,1
1703,1,63.0,4,24,1
1704,1,42.0,5,1,1
1705,1,28.0,5,2,1
1706,1,21.0,5,3,1
1707,1,14.0,5,4,1
1708,1,28.0,5,5,1
1709,1,21.0,5,6,1
1710,1,201.0,5,7,1
1711,1,215.0,5,8,1
1712,1,7.0,5,9,1
1713,1,215.0,5,10,1
1714,1,42.0,5,11,1
1715,1,236.0,5,12,1
1716,1,42.0,5,13,1
1717,1,222.0,5,14,1
1718,1,64.0,5,15,1
1719,1,379.0,5,16,1
1720,1,229.0,5,17,1
1721,1,184.0,5,18,1
1722,1,14.0,5,19,1
1723,1,7.0,5,20,1
1724,1,14.0,5,21,1
1725,1,164.0,5,22,1
1726,1,14.0,5,23,1
1727,1,35.0,5,24,1
1728,1,14.0,6,1,1
1729,1,21.0,6,2,1
1730,1,0.0,6,3,1
1731,1,21.0,6,4,1
1732,1,49.0,6,5,1
1733,1,7.0,6,6,1
1734,1,14.0,6,7,1
1735,1,14.0,6,8,1
1736,1,7.0,6,9,1
1737,1,140.0,6,10,1
1738,1,95.0,6,11,1
1739,1,42.0,6,12,1
1740,1,229.0,6,13,1
1741,1,35.0,6,14,1
1742,1,64.0,6,15,1
1743,1,71.0,6,16,1
1744,1,28.0,6,17,1
1745,1,28.0,6,18,1
1746,1,21.0,6,19,1
1747,1,14.0,6,20,1
1748,1,21.0,6,21,1
1749,1,7.0,6,22,1
1750,1,14.0,6,23,1
1751,1,28.0,6,24,1
1752,1,14.0,7,1,0
1753,1,21.0,7,2,0
1754,1,21.0,7,3,0
1755,1,28.0,7,4,0
1756,1,35.0,7,5,0
1757,1,14.0,7,6,0
1758,1,21.0,7,7,0
1759,1,14.0,7,8,0
1760,1,0.0,7,9,0
1761,1,7.0,7,10,0
1762,1,7.0,7,11,0
1763,1,21.0,7,12,0
1764,1,28.0,7,13,0
1765,1,14.0,7,14,0
1766,1,7.0,7,15,0
1767,1,14.0,7,16,0
1768,1,21.0,7,17,0
1769,1,21.0,7,18,0
1770,1,7.0,7,19,0
1771,1,28.0,7,20,0
1772,1,7.0,7,21,0
1773,1,7.0,7,22,0
1774,1,7.0,7,23,0
1775,1,14.0,7,24,0
1776,1,14.0,1,1,0
1777,1,0.0,1,2,0
1778,1,7.0,1,3,0
1779,1,7.0,1,4,0
1780,1,21.0,1,5,0
1781,1,7.0,1,6,0
1782,1,7.0,1,7,0
1783,1,0.0,1,8,0
1784,1,14.0,1,9,0
1785,1,0.0,1,10,0
1786,1,14.0,1,11,0
1787,1,14.0,1,12,0
1788,1,14.0,1,13,0
1789,1,28.0,1,14,0
1790,1,21.0,1,15,0
1791,1,14.0,1,16,0
1792,1,28.0,1,17,0
1793,1,28.0,1,18,0
1794,1,35.0,1,19,0
1795,1,28.0,1,20,0
1796,1,21.0,1,21,0
1797,1,14.0,1,22,0
1798,1,14.0,1,23,0
1799,1,21.0,1,24,0
1800,1,14.0,2,1,1
1801,1,7.0,2,2,1
1802,1,7.0,2,3,1
1803,1,14.0,2,4,1
1804,1,14.0,2,5,1
1805,1,7.0,2,6,1
1806,1,7.0,2,7,1
1807,1,21.0,2,8,1
1808,1,35.0,2,9,1
1809,1,287.0,2,10,1
1810,1,295.0,2,11,1
1811,1,160.0,2,12,1
1812,1,160.0,2,13,1
1813,1,182.0,2,14,1
1814,1,136.0,2,15,1
1815,1,316.0,2,16,1
1816,1,145.0,2,17,1
1817,1,93.0,2,18,1
1818,1,102.0,2,19,1
1819,1,63.0,2,20,1
1820,1,57.0,2,21,1
1821,1,57.0,2,22,1
1822,1,49.0,2,23,1
1823,1,77.0,2,24,1
1824,1,42.0,3,1,1
1825,1,28.0,3,2,1
1826,1,42.0,3,3,1
1827,1,14.0,3,4,1
1828,1,21.0,3,5,1
1829,1,28.0,3,6,1
1830,1,35.0,3,7,1
1831,1,7.0,3,8,1
1832,0,35.5,3,9,1
1833,1,64.0,3,10,1
1834,1,123.0,3,11,1
1835,1,174.0,3,12,1
1836,0,186.0,3,13,1
1837,1,198.0,3,14,1
1838,1,145.0,3,15,1
1839,1,130.0,3,16,1
1840,1,146.0,3,17,1
1841,1,93.0,3,18,1
1842,1,998.0,3,19,1
1843,1,1617.0,3,20,1
1844,1,1603.0,3,21,1
1845,1,1602.0,3,22,1
1846,1,1597.0,3,23,1
1847,1,796.0,3,24,1
1848,1,56.0,4,1,1
1849,1,28.0,4,2,1
1850,1,28.0,4,3,1
1851,1,14.0,4,4,1
1852,1,28.0,4,5,1
1853,1,14.0,4,6,1
1854,1,7.0,4,7,1
1855,1,14.0,4,8,1
1856,1,35.0,4,9,1
1857,1,243.0,4,10,1
1858,1,116.0,4,11,1
1859,1,309.0,4,12,1
1860,1,122.0,4,13,1
1861,1,182.0,4,14,1
1862,1,197.0,4,15,1
1863,1,131.0,4,16,1
1864,1,138.0,4,17,1
1865,1,115.0,4,18,1
1866,1,153.0,4,19,1
1867,1,250.0,4,20,1
1868,1,258.0,4,21,1
1869,1,259.0,4,22,1
1870,1,117.0,4,23,1
1871,1,87.0,4,24,1
1872,1,71.0,5,1,1
1873,1,94.0,5,2,1
1874,1,85.0,5,3,1
1875,1,64.0,5,4,1
1876,1,64.0,5,5,1
1877,1,78.0,5,6,1
1878,1,71.0,5,7,1
1879,1,56.0,5,8,1
1880,1,101.0,5,9,1
1881,1,122.0,5,10,1
1882,1,167.0,5,11,1
1883,1,228.0,5,12,1
1884,1,145.0,5,13,1
1885,1,250.0,5,14,1
1886,1,197.0,5,15,1
1887,1,197.0,5,16,1
1888,1,279.0,5,17,1
1889,1,115.0,5,18,1
1890,1,102.0,5,19,1
1891,1,65.0,5,20,1
1892,1,78.0,5,21,1
1893,1,64.0,5,22,1
1894,1,56.0,5,23,1
1895,1,77.0,5,24,1
1896,1,70.0,6,1,1
1897,1,49.0,6,2,1
1898,1,71.0,6,3,1
1899,1,42.0,6,4,1
1900,1,78.0,6,5,1
1901,1,63.0,6,6,1
1902,1,56.0,6,7,1
1903,1,21.0,6,8,1
1904,1,185.0,6,9,1
1905,1,93.0,6,10,1
1906,1,116.0,6,11,1
1907,1,122.0,6,12,1
1908,1,99.0,6,13,1
1909,1,114.0,6,14,1
1910,1,145.0,6,15,1
1911,1,63.0,6,16,1
1912,1,86.0,6,17,1
1913,1,85.0,6,18,1
1914,1,93.0,6,19,1
1915,1,122.0,6,20,1
1916,1,28.0,6,21,1
1917,1,94.0,6,22,1
1918,1,63.0,6,23,1
1919,1,28.0,6,24,1
1920,1,49.0,7,1,0
1921,1,14.0,7,2,0
1922,1,50.0,7,3,0
1923,1,28.0,7,4,0
1924,1,28.0,7,5,0
1925,1,7.0,7,6,0
1926,1,21.0,7,7,0
1927,1,0.0,7,8,0
1928,1,14.0,7,9,0
1929,1,7.0,7,10,0
1930,1,21.0,7,11,0
1931,1,21.0,7,12,0
1932,1,43.0,7,13,0
1933,1,42.0,7,14,0
1934,1,176.0,7,15,0
1935,1,109.0,7,16,0
1936,1,302.0,7,17,0
1937,1,21.0,7,18,0
1938,1,35.0,7,19,0
1939,1,49.0,7,20,0
1940,1,80.0,7,21,0
1941,1,88.0,7,22,0
1942,1,49.0,7,23,0
1943,1,7.0,7,24,0
1944,1,87.0,1,1,0
1945,1,7.0,1,2,0
1946,1,21.0,1,3,0
1947,1,7.0,1,4,0
1948,1,21.0,1,5,0
1949,1,7.0,1,6,0
1950,1,7.0,1,7,0
1951,1,7.0,1,8,0
1952,1,36.0,1,9,0
1953,1,670.0,1,10,0
1954,1,430.0,1,11,0
1955,1,102.0,1,12,0
1956,1,71.0,1,13,0
1957,1,145.0,1,14,0
1958,1,243.0,1,15,0
1959,1,220.0,1,16,0
1960,1,137.0,1,17,0
1961,1,71.0,1,18,0
1962,1,49.0,1,19,0
1963,1,63.0,1,20,0
1964,1,28.0,1,21,0
1965,1,14.0,1,22,0
1966,1,21.0,1,23,0
1967,1,14.0,1,24,0
1968,1,57.0,2,1,1
1969,1,0.0,2,2,1
1970,1,14.0,2,3,1
1971,1,0.0,2,4,1
1972,1,21.0,2,5,1
1973,1,7.0,2,6,1
1974,1,7.0,2,7,1
1975,1,14.0,2,8,1
1976,1,35.0,2,9,1
1977,1,109.0,2,10,1
1978,1,174.0,2,11,1
1979,1,197.0,2,12,1
1980,1,138.0,2,13,1
1981,1,168.0,2,14,1
1982,1,158.0,2,15,1
1983,1,115.0,2,16,1
1984,1,144.0,2,17,1
1985,1,85.0,2,18,1
1986,1,78.0,2,19,1
1987,1,35.0,2,20,1
1988,1,49.0,2,21,1
1989,1,42.0,2,22,1
1990,1,42.0,2,23,1
1991,1,56.0,2,24,1
1992,1,57.0,3,1,1
1993,1,28.0,3,2,1
1994,1,21.0,3,3,1
1995,1,21.0,3,4,1
1996,1,28.0,3,5,1
1997,1,28.0,3,6,1
1998,1,42.0,3,7,1
1999,1,7.0,3,8,1
2000,1,42.0,3,9,1
2001,1,78.0,3,10,1
2002,1,220.0,3,11,1
2003,1,235.0,3,12,1
2004,1,115.0,3,13,1
2005,1,153.0,3,14,1
2006,1,130.0,3,15,1
2007,1,129.0,3,16,1
2008,1,116.0,3,17,1
2009,1,91.0,3,18,1
2010,1,86.0,3,19,1
2011,1,63.0,3,20,1
2012,1,35.0,3,21,1
2013,1,63.0,3,22,1
2014,1,21.0,3,23,1
2015,1,77.0,3,24,1
2016,1,49.0,4,1,1
2017,1,21.0,4,2,1
2018,1,42.0,4,3,1
2019,1,28.0,4,4,1
2020,1,28.0,4,5,1
2021,1,21.0,4,6,1
2022,1,49.0,4,7,1
2023,1,35.0,4,8,1
2024,1,42.0,4,9,1
2025,1,79.0,4,10,1
2026,1,115.0,4,11,1
2027,1,130.0,4,12,1
2028,1,145.0,4,13,1
2029,1,183.0,4,14,1
2030,1,175.0,4,15,1
2031,1,144.0,4,16,1
2032,1,196.0,4,17,1
2033,1,122.0,4,18,1
2034,1,144.0,4,19,1
2035,1,473.0,4,20,1
2036,1,250.0,4,21,1
2037,1,152.0,4,22,1
2038,1,21.0,4,23,1
2039,1,42.0,4,24,1
2040,1,35.0,5,1,1
2041,1,14.0,5,2,1
2042,1,49.0,5,3,1
2043,1,21.0,5,4,1
2044,1,35.0,5,5,1
2045,1,28.0,5,6,1
2046,1,21.0,5,7,1
2047,1,21.0,5,8,1
2048,1,42.0,5,9,1
2049,1,91.0,5,10,1
2050,1,129.0,5,11,1
2051,1,190.0,5,12,1
2052,1,242.0,5,13,1
2053,1,189.0,5,14,1
2054,1,153.0,5,15,1
2055,1,106.0,5,16,1
2056,1,131.0,5,17,1
2057,1,181.0,5,18,1
2058,1,94.0,5,19,1
2059,1,49.0,5,20,1
2060,1,35.0,5,21,1
2061,1,28.0,5,22,1
2062,1,28.0,5,23,1
2063,1,56.0,5,24,1
2064,1,49.0,6,1,1
2065,1,35.0,6,2,1
2066,1,63.0,6,3,1
2067,1,21.0,6,4,1
2068,1,42.0,6,5,1
2069,1,49.0,6,6,1
2070,1,35.0,6,7,1
2071,1,35.0,6,8,1
2072,1,42.0,6,9,1
2073,1,63.0,6,10,1
2074,1,71.0,6,11,1
2075,1,145.0,6,12,1
2076,1,114.0,6,13,1
2077,1,93.0,6,14,1
2078,1,165.0,6,15,1
2079,1,107.0,6,16,1
2080,1,115.0,6,17,1
2081,1,138.0,6,18,1
2082,1,35.0,6,19,1
2083,1,28.0,6,20,1
2084,1,28.0,6,21,1
2085,1,14.0,6,22,1
2086,1,7.0,6,23,1
2087,1,49.0,6,24,1
2088,1,35.0,7,1,0
2089,1,28.0,7,2,0
2090,1,14.0,7,3,0
2091,1,14.0,7,4,0
2092,1,21.0,7,5,0
2093,1,14.0,7,6,0
2094,1,14.0,7,7,0
2095,1,14.0,7,8,0
2096,1,7.0,7,9,0
2097,1,49.0,7,10,0
2098,1,198.0,7,11,0
2099,1,183.0,7,12,0
2100,1,145.0,7,13,0
2101,1,43.0,7,14,0
2102,1,42.0,7,15,0
2103,1,42.0,7,16,0
2104,1,28.0,7,17,0
2105,1,42.0,7,18,0
2106,1,35.0,7,19,0
2107,1,50.0,7,20,0
2108,1,80.0,7,21,0
2109,1,28.0,7,22,0
2110,1,7.0,7,23,0
2111,1,21.0,7,24,0
2112,1,14.0,1,1,0
2113,1,7.0,1,2,0
2114,1,0.0,1,3,0
2115,1,7.0,1,4,0
2116,1,14.0,1,5,0
2117,1,7.0,1,6,0
2118,1,14.0,1,7,0
2119,1,7.0,1,8,0
2120,1,7.0,1,9,0
2121,1,7.0,1,10,0
2122,1,28.0,1,11,0
2123,1,42.0,1,12,0
2124,1,35.0,1,13,0
2125,1,42.0,1,14,0
2126,1,35.0,1,15,0
2127,1,42.0,1,16,0
2128,1,35.0,1,17,0
2129,1,42.0,1,18,0
2130,1,42.0,1,19,0
2131,1,50.0,1,20,0
2132,1,21.0,1,21,0
2133,1,28.0,1,22,0
2134,1,7.0,1,23,0
2135,1,21.0,1,24,0
2136,1,7.0,2,1,1
2137,1,14.0,2,2,1
2138,1,0.0,2,3,1
2139,1,7.0,2,4,1
2140,1,21.0,2,5,1
2141,1,7.0,2,6,1
2142,1,7.0,2,7,1
2143,1,21.0,2,8,1
2144,1,14.0,2,9,1
2145,1,94.0,2,10,1
2146,1,130.0,2,11,1
2147,1,160.0,2,12,1
2148,1,137.0,2,13,1
2149,1,153.0,2,14,1
2150,1,138.0,2,15,1
2151,1,145.0,2,16,1
2152,1,152.0,2,17,1
2153,1,94.0,2,18,1
2154,1,93.0,2,19,1
2155,1,57.0,2,20,1
2156,1,63.0,2,21,1
2157,1,42.0,2,22,1
2158,1,7.0,2,23,1
2159,1,64.0,2,24,1
2160,1,50.0,3,1,1
2161,1,0.0,3,2,1
2162,1,28.0,3,3,1
2163,1,28.0,3,4,1
2164,1,28.0,3,5,1
2165,1,7.0,3,6,1
2166,1,28.0,3,7,1
2167,1,21.0,3,8,1
2168,1,35.0,3,9,1
2169,1,79.0,3,10,1
2170,1,132.0,3,11,1
2171,1,205.0,3,12,1
2172,1,167.0,3,13,1
2173,1,197.0,3,14,1
2174,1,198.0,3,15,1
2175,1,167.0,3,16,1
2176,1,256.0,3,17,1
2177,1,143.0,3,18,1
2178,1,136.0,3,19,1
2179,1,86.0,3,20,1
2180,1,78.0,3,21,1
2181,1,57.0,3,22,1
2182,1,35.0,3,23,1
2183,1,56.0,3,24,1
2184,1,28.0,4,1,1
2185,1,14.0,4,2,1
2186,1,42.0,4,3,1
2187,1,7.0,4,4,1
2188,1,14.0,4,5,1
2189,1,14.0,4,6,1
2190,1,56.0,4,7,1
2191,1,21.0,4,8,1
2192,1,35.0,4,9,1
2193,1,64.0,4,10,1
2194,1,138.0,4,11,1
2195,1,167.0,4,12,1
2196,1,130.0,4,13,1
2197,1,160.0,4,14,1
2198,1,137.0,4,15,1
2199,1,161.0,4,16,1
2200,1,145.0,4,17,1
2201,1,85.0,4,18,1
2202,1,78.0,4,19,1
2203,1,63.0,4,20,1
2204,1,42.0,4,21,1
2205,1,28.0,4,22,1
2206,1,28.0,4,23,1
2207,1,35.0,4,24,1
2208,1,49.0,5,1,1
2209,1,21.0,5,2,1
2210,1,28.0,5,3,1
2211,1,14.0,5,4,1
2212,1,21.0,5,5,1
2213,1,7.0,5,6,1
2214,1,36.0,5,7,1
2215,1,409.0,5,8,1
2216,1,63.0,5,9,1
2217,1,64.0,5,10,1
2218,1,132.0,5,11,1
2219,1,161.0,5,12,1
2220,1,93.0,5,13,1
2221,1,182.0,5,14,1
2222,1,161.0,5,15,1
2223,1,159.0,5,16,1
2224,1,123.0,5,17,1
2225,1,114.0,5,18,1
2226,1,78.0,5,19,1
2227,1,43.0,5,20,1
2228,1,28.0,5,21,1
2229,1,28.0,5,22,1
2230,1,14.0,5,23,1
2231,1,64.0,5,24,1
2232,1,42.0,6,1,1
2233,1,14.0,6,2,1
2234,1,21.0,6,3,1
2235,1,21.0,6,4,1
2236,1,28.0,6,5,1
2237,1,21.0,6,6,1
2238,1,21.0,6,7,1
2239,1,7.0,6,8,1
2240,1,28.0,6,9,1
2241,1,42.0,6,10,1
2242,1,64.0,6,11,1
2243,1,49.0,6,12,1
2244,1,130.0,6,13,1
2245,1,354.0,6,14,1
2246,1,57.0,6,15,1
2247,1,167.0,6,16,1
2248,1,70.0,6,17,1
2249,1,57.0,6,18,1
2250,1,71.0,6,19,1
2251,1,56.0,6,20,1
2252,1,57.0,6,21,1
2253,1,139.0,6,22,1
2254,1,28.0,6,23,1
2255,1,28.0,6,24,1
2256,1,57.0,7,1,0
2257,1,29.0,7,2,0
2258,1,21.0,7,3,0
2259,1,14.0,7,4,0
2260,1,58.0,7,5,0
2261,1,7.0,7,6,0
2262,1,14.0,7,7,0
2263,1,0.0,7,8,0
2264,1,14.0,7,9,0
2265,1,35.0,7,10,0
2266,1,71.0,7,11,0
2267,1,94.0,7,12,0
2268,1,101.0,7,13,0
2269,1,100.0,7,14,0
2270,1,107.0,7,15,0
2271,1,92.0,7,16,0
2272,1,99.0,7,17,0
2273,1,205.0,7,18,0
2274,1,161.0,7,19,0
2275,1,280.0,7,20,0
2276,1,145.0,7,21,0
2277,1,7.0,7,22,0
2278,1,7.0,7,23,0
2279,1,21.0,7,24,0
2280,1,21.0,1,1,0
2281,1,7.0,1,2,0
2282,1,0.0,1,3,0
2283,1,0.0,1,4,0
2284,1,14.0,1,5,0
2285,1,0.0,1,6,0
2286,1,7.0,1,7,0
2287,1,0.0,1,8,0
2288,1,14.0,1,9,0
2289,1,14.0,1,10,0
2290,1,14.0,1,11,0
2291,1,21.0,1,12,0
2292,1,21.0,1,13,0
2293,1,43.0,1,14,0
2294,1,189.0,1,15,0
2295,1,102.0,1,16,0
2296,1,35.0,1,17,0
2297,1,71.0,1,18,0
2298,1,56.0,1,19,0
2299,1,50.0,1,20,0
2300,1,35.0,1,21,0
2301,1,28.0,1,22,0
2302,1,14.0,1,23,0
2303,1,14.0,1,24,0
2304,1,21.0,2,1,1
2305,1,14.0,2,2,1
2306,1,0.0,2,3,1
2307,1,14.0,2,4,1
2308,1,7.0,2,5,1
2309,1,7.0,2,6,1
2310,1,21.0,2,7,1
2311,1,22.0,2,8,1
2312,1,35.0,2,9,1
2313,1,115.0,2,10,1
2314,1,168.0,2,11,1
2315,1,153.0,2,12,1
2316,1,138.0,2,13,1
2317,1,182.0,2,14,1
2318,1,234.0,2,15,1
2319,1,131.0,2,16,1
2320,1,130.0,2,17,1
2321,1,123.0,2,18,1
2322,1,64.0,2,19,1
2323,1,56.0,2,20,1
2324,1,28.0,2,21,1
2325,1,42.0,2,22,1
2326,1,14.0,2,23,1
2327,1,42.0,2,24,1
2328,1,35.0,3,1,1
2329,1,21.0,3,2,1
2330,1,35.0,3,3,1
2331,1,7.0,3,4,1
2332,1,28.0,3,5,1
2333,0,28.0,3,6,1
2334,1,28.0,3,7,1
2335,1,7.0,3,8,1
2336,1,35.0,3,9,1
2337,1,95.0,3,10,1
2338,1,108.0,3,11,1
2339,1,196.0,3,12,1
2340,1,181.0,3,13,1
2341,1,205.0,3,14,1
2342,1,167.0,3,15,1
2343,1,154.0,3,16,1
2344,1,158.0,3,17,1
2345,1,114.0,3,18,1
2346,1,93.0,3,19,1
2347,1,79.0,3,20,1
2348,1,57.0,3,21,1
2349,1,42.0,3,22,1
2350,1,42.0,3,23,1
2351,1,64.0,3,24,1
2352,1,42.0,4,1,1
2353,1,7.0,4,2,1
2354,1,28.0,4,3,1
2355,1,21.0,4,4,1
2356,1,35.0,4,5,1
2357,1,7.0,4,6,1
2358,1,35.0,4,7,1
2359,1,14.0,4,8,1
2360,1,21.0,4,9,1
2361,1,79.0,4,10,1
2362,1,130.0,4,11,1
2363,1,181.0,4,12,1
2364,1,144.0,4,13,1
2365,1,182.0,4,14,1
2366,1,146.0,4,15,1
2367,1,115.0,4,16,1
2368,1,144.0,4,17,1
2369,1,86.0,4,18,1
2370,1,71.0,4,19,1
2371,1,78.0,4,20,1
2372,1,50.0,4,21,1
2373,1,63.0,4,22,1
2374,1,21.0,4,23,1
2375,1,70.0,4,24,1
2376,1,42.0,5,1,1
2377,1,14.0,5,2,1
2378,1,49.0,5,3,1
2379,1,14.0,5,4,1
2380,1,14.0,5,5,1
2381,1,21.0,5,6,1
2382,1,42.0,5,7,1
2383,1,21.0,5,8,1
2384,1,65.0,5,9,1
2385,1,57.0,5,10,1
2386,1,152.0,5,11,1
2387,1,264.0,5,12,1
2388,1,144.0,5,13,1
2389,1,169.0,5,14,1
2390,1,116.0,5,15,1
2391,1,145.0,5,16,1
2392,1,159.0,5,17,1
2393,1,145.0,5,18,1
2394,1,95.0,5,19,1
2395,1,122.0,5,20,1
2396,1,42.0,5,21,1
2397,1,35.0,5,22,1
2398,1,35.0,5,23,1
2399,1,56.0,5,24,1
2400,1,28.0,6,1,1
2401,1,14.0,6,2,1
2402,1,49.0,6,3,1
2403,1,14.0,6,4,1
2404,1,28.0,6,5,1
2405,1,14.0,6,6,1
2406,1,49.0,6,7,1
2407,1,14.0,6,8,1
2408,1,35.0,6,9,1
2409,1,85.0,6,10,1
2410,1,136.0,6,11,1
2411,1,129.0,6,12,1
2412,1,92.0,6,13,1
2413,1,123.0,6,14,1
2414,1,107.0,6,15,1
2415,1,108.0,6,16,1
2416,1,92.0,6,17,1
2417,1,71.0,6,18,1
2418,1,64.0,6,19,1
2419,1,93.0,6,20,1
2420,1,80.0,6,21,1
2421,1,73.0,6,22,1
2422,1,57.0,6,23,1
2423,1,114.0,6,24,1
2424,1,49.0,7,1,0
2425,1,28.0,7,2,0
2426,1,28.0,7,3,0
2427,1,14.0,7,4,0
2428,1,14.0,7,5,0
2429,1,14.0,7,6,0
2430,1,28.0,7,7,0
2431,1,21.0,7,8,0
2432,1,7.0,7,9,0
2433,1,28.0,7,10,0
2434,1,28.0,7,11,0
2435,1,21.0,7,12,0
2436,1,28.0,7,13,0
2437,1,28.0,7,14,0
2438,1,35.0,7,15,0
2439,1,28.0,7,16,0
2440,1,42.0,7,17,0
2441,1,35.0,7,18,0
2442,1,42.0,7,19,0
2443,1,99.0,7,20,0
2444,1,101.0,7,21,0
2445,1,108.0,7,22,0
2446,1,35.0,7,23,0
2447,1,28.0,7,24,0
2448,1,7.0,1,1,0
2449,1,14.0,1,2,0
2450,1,14.0,1,3,0
2451,1,21.0,1,4,0
2452,1,7.0,1,5,0
2453,1,7.0,1,6,0
2454,1,14.0,1,7,0
2455,1,14.0,1,8,0
2456,1,14.0,1,9,0
2457,1,7.0,1,10,0
2458,1,28.0,1,11,0
2459,1,21.0,1,12,0
2460,1,42.0,1,13,0
2461,1,198.0,1,14,0
2462,1,110.0,1,15,0
2463,1,63.0,1,16,0
2464,1,56.0,1,17,0
2465,1,28.0,1,18,0
2466,1,42.0,1,19,0
2467,1,57.0,1,20,0
2468,1,35.0,1,21,0
2469,1,28.0,1,22,0
2470,1,35.0,1,23,0
2471,1,28.0,1,24,0
2472,1,28.0,2,1,1
2473,1,28.0,2,2,1
2474,1,21.0,2,3,1
2475,1,28.0,2,4,1
2476,1,28.0,2,5,1
2477,1,21.0,2,6,1
2478,1,28.0,2,7,1
2479,1,49.0,2,8,1
2480,1,50.0,2,9,1
2481,1,93.0,2,10,1
2482,1,132.0,2,11,1
2483,1,206.0,2,12,1
2484,1,204.0,2,13,1
2485,1,219.0,2,14,1
2486,1,138.0,2,15,1
2487,1,138.0,2,16,1
2488,1,146.0,2,17,1
2489,1,138.0,2,18,1
2490,1,115.0,2,19,1
2491,1,115.0,2,20,1
2492,1,108.0,2,21,1
2493,1,527.0,2,22,1
2494,1,580.0,2,23,1
2495,1,42.0,2,24,1
2496,1,49.0,3,1,1
2497,1,7.0,3,2,1
2498,1,35.0,3,3,1
2499,1,35.0,3,4,1
2500,1,14.0,3,5,1
2501,1,14.0,3,6,1
2502,1,35.0,3,7,1
2503,1,28.0,3,8,1
2504,1,28.0,3,9,1
2505,1,130.0,3,10,1
2506,1,131.0,3,11,1
2507,1,218.0,3,12,1
2508,1,137.0,3,13,1
2509,1,182.0,3,14,1
2510,1,204.0,3,15,1
2511,1,145.0,3,16,1
2512,1,175.0,3,17,1
2513,1,93.0,3,18,1
2514,1,95.0,3,19,1
2515,1,71.0,3,20,1
2516,1,70.0,3,21,1
2517,1,70.0,3,22,1
2518,1,35.0,3,23,1
2519,1,72.0,3,24,1
2520,1,63.0,4,1,1
2521,1,28.0,4,2,1
2522,1,49.0,4,3,1
2523,1,35.0,4,4,1
2524,1,42.0,4,5,1
2525,1,35.0,4,6,1
2526,1,49.0,4,7,1
2527,1,21.0,4,8,1
2528,1,49.0,4,9,1
2529,1,86.0,4,10,1
2530,1,145.0,4,11,1
2531,0,133.5,4,12,1
2532,1,122.0,4,13,1
2533,1,250.0,4,14,1
2534,1,168.0,4,15,1
2535,1,131.0,4,16,1
2536,1,174.0,4,17,1
2537,1,138.0,4,18,1
2538,1,101.0,4,19,1
2539,1,115.0,4,20,1
2540,1,86.0,4,21,1
2541,1,79.0,4,22,1
2542,1,43.0,4,23,1
2543,1,42.0,4,24,1
2544,1,64.0,5,1,1
2545,1,42.0,5,2,1
2546,1,63.0,5,3,1
2547,1,21.0,5,4,1
2548,1,35.0,5,5,1
2549,1,7.0,5,6,1
2550,1,21.0,5,7,1
2551,1,35.0,5,8,1
2552,1,42.0,5,9,1
2553,1,86.0,5,10,1
2554,1,242.0,5,11,1
2555,1,159.0,5,12,1
2556,1,86.0,5,13,1
2557,1,203.0,5,14,1
2558,1,213.0,5,15,1
2559,1,182.0,5,16,1
2560,1,116.0,5,17,1
2561,1,152.0,5,18,1
2562,1,78.0,5,19,1
2563,1,35.0,5,20,1
2564,1,28.0,5,21,1
2565,1,7.0,5,22,1
2566,1,7.0,5,23,1
2567,1,28.0,5,24,1
2568,1,35.0,6,1,1
2569,1,43.0,6,2,1
2570,1,42.0,6,3,1
2571,1,28.0,6,4,1
2572,1,14.0,6,5,1
2573,1,7.0,6,6,1
2574,1,14.0,6,7,1
2575,1,21.0,6,8,1
2576,1,14.0,6,9,1
2577,1,21.0,6,10,1
2578,1,56.0,6,11,1
2579,1,21.0,6,12,1
2580,1,35.0,6,13,1
2581,1,35.0,6,14,1
2582,1,71.0,6,15,1
2583,1,65.0,6,16,1
2584,1,71.0,6,17,1
2585,1,56.0,6,18,1
2586,1,78.0,6,19,1
2587,1,152.0,6,20,1
2588,1,115.0,6,21,1
2589,1,87.0,6,22,1
2590,1,28.0,6,23,1
2591,1,93.0,6,24,1
2592,1,56.0,7,1,0
2593,1,14.0,7,2,0
2594,1,42.0,7,3,0
2595,1,28.0,7,4,0
2596,1,28.0,7,5,0
2597,1,7.0,7,6,0
2598,1,42.0,7,7,0
2599,1,14.0,7,8,0
2600,1,21.0,7,9,0
2601,1,7.0,7,10,0
2602,1,28.0,7,11,0
2603,1,28.0,7,12,0
2604,1,49.0,7,13,0
2605,1,71.0,7,14,0
2606,1,71.0,7,15,0
2607,1,56.0,7,16,0
2608,1,64.0,7,17,0
2609,1,42.0,7,18,0
2610,1,49.0,7,19,0
2611,1,121.0,7,20,0
2612,1,160.0,7,21,0
2613,1,115.0,7,22,0
2614,1,28.0,7,23,0
2615,1,93.0,7,24,0
2616,1,79.0,1,1,0
2617,1,7.0,1,2,0
2618,1,7.0,1,3,0
2619,1,0.0,1,4,0
2620,1,14.0,1,5,0
2621,1,0.0,1,6,0
2622,1,7.0,1,7,0
2623,1,14.0,1,8,0
2624,1,0.0,1,9,0
2625,1,14.0,1,10,0
2626,1,21.0,1,11,0
2627,1,35.0,1,12,0
2628,1,35.0,1,13,0
2629,1,85.0,1,14,0
2630,1,80.0,1,15,0
2631,1,124.0,1,16,0
2632,1,21.0,1,17,0
2633,1,21.0,1,18,0
2634,1,42.0,1,19,0
2635,1,35.0,1,20,0
2636,1,35.0,1,21,0
2637,1,28.0,1,22,0
2638,1,28.0,1,23,0
2639,1,49.0,1,24,0
2640,1,35.0,2,1,1
2641,1,21.0,2,2,1
2642,1,21.0,2,3,1
2643,1,14.0,2,4,1
2644,1,21.0,2,5,1
2645,1,14.0,2,6,1
2646,1,28.0,2,7,1
2647,1,35.0,2,8,1
2648,1,56.0,2,9,1
2649,1,115.0,2,10,1
2650,1,152.0,2,11,1
2651,1,167.0,2,12,1
2652,1,138.0,2,13,1
2653,1,168.0,2,14,1
2654,1,146.0,2,15,1
2655,1,153.0,2,16,1
2656,1,132.0,2,17,1
2657,1,153.0,2,18,1
2658,1,64.0,2,19,1
2659,1,56.0,2,20,1
2660,1,50.0,2,21,1
2661,1,43.0,2,22,1
2662,1,28.0,2,23,1
2663,1,42.0,2,24,1
2664,1,42.0,3,1,1
2665,1,21.0,3,2,1
2666,1,21.0,3,3,1
2667,1,21.0,3,4,1
2668,1,21.0,3,5,1
2669,1,21.0,3,6,1
2670,1,42.0,3,7,1
2671,1,21.0,3,8,1
2672,1,42.0,3,9,1
2673,1,79.0,3,10,1
2674,1,159.0,3,11,1
2675,1,205.0,3,12,1
2676,1,153.0,3,13,1
2677,1,249.0,3,14,1
2678,1,154.0,3,15,1
2679,1,160.0,3,16,1
2680,1,205.0,3,17,1
2681,1,122.0,3,18,1
2682,1,197.0,3,19,1
2683,1,108.0,3,20,1
2684,1,57.0,3,21,1
2685,1,42.0,3,22,1
2686,1,21.0,3,23,1
2687,1,49.0,3,24,1
2688,1,56.0,4,1,1
2689,1,7.0,4,2,1
2690,1,35.0,4,3,1
2691,1,14.0,4,4,1
2692,1,14.0,4,5,1
2693,1,21.0,4,6,1
2694,1,28.0,4,7,1
2695,1,14.0,4,8,1
2696,1,28.0,4,9,1
2697,1,95.0,4,10,1
2698,1,151.0,4,11,1
2699,1,161.0,4,12,1
2700,1,168.0,4,13,1
2701,1,176.0,4,14,1
2702,1,153.0,4,15,1
2703,1,139.0,4,16,1
2704,1,513.0,4,17,1
2705,1,94.0,4,18,1
2706,1,122.0,4,19,1
2707,1,79.0,4,20,1
2708,1,94.0,4,21,1
2709,1,28.0,4,22,1
2710,1,21.0,4,23,1
2711,1,72.0,4,24,1
2712,1,50.0,5,1,1
2713,1,28.0,5,2,1
2714,1,28.0,5,3,1
2715,1,7.0,5,4,1
2716,1,7.0,5,5,1
2717,1,14.0,5,6,1
2718,1,42.0,5,7,1
2719,1,14.0,5,8,1
2720,1,42.0,5,9,1
2721,1,79.0,5,10,1
2722,1,146.0,5,11,1
2723,1,279.0,5,12,1
2724,1,175.0,5,13,1
2725,1,228.0,5,14,1
2726,1,140.0,5,15,1
2727,1,152.0,5,16,1
2728,1,167.0,5,17,1
2729,1,115.0,5,18,1
2730,1,102.0,5,19,1
2731,1,57.0,5,20,1
2732,1,49.0,5,21,1
2733,1,35.0,5,22,1
2734,1,14.0,5,23,1
2735,1,49.0,5,24,1
2736,1,63.0,6,1,1
2737,1,7.0,6,2,1
2738,1,42.0,6,3,1
2739,1,21.0,6,4,1
2740,1,7.0,6,5,1
2741,1,14.0,6,6,1
2742,1,28.0,6,7,1
2743,1,14.0,6,8,1
2744,1,35.0,6,9,1
2745,1,64.0,6,10,1
2746,1,219.0,6,11,1
2747,1,70.0,6,12,1
2748,1,101.0,6,13,1
2749,1,87.0,6,14,1
2750,1,107.0,6,15,1
2751,1,93.0,6,16,1
2752,1,70.0,6,17,1
2753,1,50.0,6,18,1
2754,1,63.0,6,19,1
2755,1,152.0,6,20,1
2756,1,102.0,6,21,1
2757,1,87.0,6,22,1
2758,1,86.0,6,23,1
2759,1,49.0,6,24,1
2760,1,42.0,7,1,0
2761,1,21.0,7,2,0
2762,1,35.0,7,3,0
2763,1,7.0,7,4,0
2764,1,14.0,7,5,0
2765,1,14.0,7,6,0
2766,1,21.0,7,7,0
2767,1,7.0,7,8,0
2768,1,14.0,7,9,0
2769,1,7.0,7,10,0
2770,1,28.0,7,11,0
2771,1,35.0,7,12,0
2772,1,35.0,7,13,0
2773,1,123.0,7,14,0
2774,1,205.0,7,15,0
2775,1,174.0,7,16,0
2776,1,190.0,7,17,0
2777,1,50.0,7,18,0
2778,1,35.0,7,19,0
2779,1,123.0,7,20,0
2780,1,72.0,7,21,0
2781,1,88.0,7,22,0
2782,1,93.0,7,23,0
2783,1,35.0,7,24,0
2784,1,28.0,1,1,0
2785,1,28.0,1,2,0
2786,1,21.0,1,3,0
2787,1,28.0,1,4,0
2788,1,14.0,1,5,0
2789,1,21.0,1,6,0
2790,1,28.0,1,7,0
2791,1,28.0,1,8,0
2792,1,14.0,1,9,0
2793,1,36.0,1,10,0
2794,1,36.0,1,11,0
2795,1,28.0,1,12,0
2796,1,42.0,1,13,0
2797,1,86.0,1,14,0
2798,1,100.0,1,15,0
2799,1,102.0,1,16,0
2800,1,56.0,1,17,0
2801,1,57.0,1,18,0
2802,1,57.0,1,19,0
2803,1,49.0,1,20,0
2804,1,64.0,1,21,0
2805,1,28.0,1,22,0
2806,1,21.0,1,23,0
2807,1,42.0,1,24,0
2808,1,49.0,2,1,1
2809,1,21.0,2,2,1
2810,1,28.0,2,3,1
2811,1,14.0,2,4,1
2812,1,21.0,2,5,1
2813,1,21.0,2,6,1
2814,1,28.0,2,7,1
2815,1,35.0,2,8,1
2816,1,56.0,2,9,1
2817,1,87.0,2,10,1
2818,1,130.0,2,11,1
2819,1,280.0,2,12,1
2820,1,205.0,2,13,1
2821,1,204.0,2,14,1
2822,1,264.0,2,15,1
2823,1,226.0,2,16,1
2824,1,220.0,2,17,1
2825,1,132.0,2,18,1
2826,1,93.0,2,19,1
2827,1,64.0,2,20,1
2828,1,49.0,2,21,1
2829,1,42.0,2,22,1
2830,1,21.0,2,23,1
2831,1,79.0,2,24,1
2832,1,43.0,3,1,1
2833,1,28.0,3,2,1
2834,1,29.0,3,3,1
2835,1,21.0,3,4,1
2836,1,7.0,3,5,1
2837,1,7.0,3,6,1
2838,1,50.0,3,7,1
2839,1,14.0,3,8,1
2840,1,36.0,3,9,1
2841,1,63.0,3,10,1
2842,1,189.0,3,11,1
2843,1,278.0,3,12,1
2844,1,227.0,3,13,1
2845,1,438.0,3,14,1
2846,1,234.0,3,15,1
2847,1,138.0,3,16,1
2848,1,189.0,3,17,1
2849,1,136.0,3,18,1
2850,1,130.0,3,19,1
2851,1,79.0,3,20,1
2852,1,72.0,3,21,1
2853,1,42.0,3,22,1
2854,1,21.0,3,23,1
2855,1,86.0,3,24,1
2856,1,72.0,4,1,1
2857,1,35.0,4,2,1
2858,1,49.0,4,3,1
2859,1,35.0,4,4,1
2860,1,35.0,4,5,1
2861,1,7.0,4,6,1
2862,1,42.0,4,7,1
2863,1,7.0,4,8,1
2864,1,42.0,4,9,1
2865,1,65.0,4,10,1
2866,1,131.0,4,11,1
2867,1,137.0,4,12,1
2868,1,138.0,4,13,1
2869,1,190.0,4,14,1
2870,1,160.0,4,15,1
2871,1,123.0,4,16,1
2872,1,159.0,4,17,1
2873,1,108.0,4,18,1
2874,1,130.0,4,19,1
2875,1,131.0,4,20,1
2876,1,85.0,4,21,1
2877,1,56.0,4,22,1
2878,1,28.0,4,23,1
2879,1,94.0,4,24,1
2880,1,71.0,5,1,1
2881,1,35.0,5,2,1
2882,1,42.0,5,3,1
2883,1,35.0,5,4,1
2884,1,56.0,5,5,1
2885,1,28.0,5,6,1
2886,1,49.0,5,7,1
2887,1,49.0,5,8,1
2888,1,71.0,5,9,1
2889,1,107.0,5,10,1
2890,1,123.0,5,11,1
2891,1,176.0,5,12,1
2892,1,184.0,5,13,1
2893,1,183.0,5,14,1
2894,1,145.0,5,15,1
2895,1,131.0,5,16,1
2896,1,151.0,5,17,1
2897,1,108.0,5,18,1
2898,1,79.0,5,19,1
2899,1,86.0,5,20,1
2900,1,43.0,5,21,1
2901,1,43.0,5,22,1
2902,1,35.0,5,23,1
2903,1,42.0,5,24,1
2904,1,108.0,6,1,1
2905,1,57.0,6,2,1
2906,1,79.0,6,3,1
2907,1,42.0,6,4,1
2908,1,35.0,6,5,1
2909,1,28.0,6,6,1
2910,1,35.0,6,7,1
2911,1,43.0,6,8,1
2912,1,35.0,6,9,1
2913,1,175.0,6,10,1
2914,1,114.0,6,11,1
2915,1,197.0,6,12,1
2916,1,308.0,6,13,1
2917,1,166.0,6,14,1
2918,1,115.0,6,15,1
2919,1,122.0,6,16,1
2920,1,70.0,6,17,1
2921,1,71.0,6,18,1
2922,1,50.0,6,19,1
2923,1,87.0,6,20,1
2924,1,50.0,6,21,1
2925,1,94.0,6,22,1
2926,1,28.0,6,23,1
2927,1,21.0,6,24,1
2928,1,56.0,7,1,0
2929,1,14.0,7,2,0
2930,1,21.0,7,3,0
2931,1,14.0,7,4,0
2932,1,116.0,7,5,0
2933,1,7.0,7,6,0
2934,1,28.0,7,7,0
2935,1,7.0,7,8,0
2936,1,14.0,7,9,0
2937,1,14.0,7,10,0
2938,1,28.0,7,11,0
2939,1,21.0,7,12,0
2940,1,28.0,7,13,0
2941,1,70.0,7,14,0
2942,1,101.0,7,15,0
2943,1,146.0,7,16,0
2944,1,94.0,7,17,0
2945,1,28.0,7,18,0
2946,1,35.0,7,19,0
2947,1,7.0,7,20,0
2948,1,28.0,7,21,0
2949,1,21.0,7,22,0
2950,1,7.0,7,23,0
2951,1,14.0,7,24,0
2952,1,35.0,1,1,0
